surface,normalized,catalog_count,status,reason
матовый,матовый,1235,review_only_not_auto_applied,no_safe_anchor
сатин,сатин,982,review_only_not_auto_applied,no_safe_anchor
светлое дерево,светлое дерево,525,review_only_not_auto_applied,no_safe_anchor
металлик,металлик,404,review_only_not_auto_applied,no_safe_anchor
coastal wetlands,coastal wetlands,378,review_only_not_auto_applied,no_safe_anchor
ethereal sky,ethereal sky,378,review_only_not_auto_applied,no_safe_anchor
sanded onyx,sanded onyx,378,review_only_not_auto_applied,no_safe_anchor
urban asphalt,urban asphalt,378,review_only_not_auto_applied,no_safe_anchor
urban draft,urban draft,378,review_only_not_auto_applied,no_safe_anchor
сияющая звезда,сияющая звезда,276,review_only_not_auto_applied,no_safe_anchor
кашемир,кашемир,266,review_only_not_auto_applied,no_safe_anchor
камуфляж,камуфляж,202,review_only_not_auto_applied,no_safe_anchor
бетон,бетон,176,review_only_not_auto_applied,no_safe_anchor
дерево,дерево,164,review_only_not_auto_applied,no_safe_anchor
вороненая сталь,вороненая сталь,124,review_only_not_auto_applied,no_safe_anchor
рисунок,рисунок,108,review_only_not_auto_applied,no_safe_anchor
орех,орех,103,review_only_not_auto_applied,no_safe_anchor
топаз,топаз,100,review_only_not_auto_applied,no_safe_anchor
дуб,дуб,99,review_only_not_auto_applied,no_safe_anchor
темное дерево,темное дерево,97,review_only_not_auto_applied,no_safe_anchor
зеркальный,зеркальный,90,review_only_not_auto_applied,no_safe_anchor
natural titanium,natural titanium,85,review_only_not_auto_applied,no_safe_anchor
фисташковый,фисташковый,85,review_only_not_auto_applied,no_safe_anchor
натуральное дерево,натуральное дерево,79,review_only_not_auto_applied,no_safe_anchor
desert titanium,desert titanium,77,review_only_not_auto_applied,no_safe_anchor
полуночный,полуночный,70,review_only_not_auto_applied,no_safe_anchor
мокко,мокко,64,review_only_not_auto_applied,no_safe_anchor
дуб крафт табак,дуб крафт табак,59,review_only_not_auto_applied,no_safe_anchor
алюминий,алюминий,58,review_only_not_auto_applied,no_safe_anchor
лаванда,лаванда,58,review_only_not_auto_applied,no_safe_anchor
midnight,midnight,57,review_only_not_auto_applied,no_safe_anchor
металлический,металлический,57,review_only_not_auto_applied,no_safe_anchor
дуб вотан,дуб вотан,51,review_only_not_auto_applied,no_safe_anchor
ultramarine,ultramarine,50,review_only_not_auto_applied,no_safe_anchor
мраморный,мраморный,48,review_only_not_auto_applied,no_safe_anchor
опал,опал,42,review_only_not_auto_applied,no_safe_anchor
starlight,starlight,40,review_only_not_auto_applied,no_safe_anchor
иней,иней,39,review_only_not_auto_applied,no_safe_anchor
дуб крафт,дуб крафт,38,review_only_not_auto_applied,no_safe_anchor
олива,олива,36,review_only_not_auto_applied,no_safe_anchor
платиновый,платиновый,36,review_only_not_auto_applied,no_safe_anchor
дуб беленый,дуб беленый,34,review_only_not_auto_applied,no_safe_anchor
беленый дуб,беленый дуб,33,review_only_not_auto_applied,no_safe_anchor
морская волна,морская волна,33,review_only_not_auto_applied,no_safe_anchor
аквамарин,аквамарин,31,review_only_not_auto_applied,no_safe_anchor
ясень шимо светлый,ясень шимо светлый,31,review_only_not_auto_applied,no_safe_anchor
дуб табачный,дуб табачный,30,review_only_not_auto_applied,no_safe_anchor
titanium,titanium,29,review_only_not_auto_applied,no_safe_anchor
темный орех,темный орех,29,review_only_not_auto_applied,no_safe_anchor
ясень,ясень,29,review_only_not_auto_applied,no_safe_anchor
терракот,терракот,28,review_only_not_auto_applied,no_safe_anchor
icyblue,icyblue,24,review_only_not_auto_applied,no_safe_anchor
стекло,стекло,24,review_only_not_auto_applied,no_safe_anchor
топленое молоко,топленое молоко,23,review_only_not_auto_applied,no_safe_anchor
эвкалипт,эвкалипт,21,review_only_not_auto_applied,no_safe_anchor
космос,космос,19,review_only_not_auto_applied,no_safe_anchor
натуральный,натуральный,19,review_only_not_auto_applied,no_safe_anchor
песок,песок,19,review_only_not_auto_applied,no_safe_anchor
шоколад,шоколад,19,review_only_not_auto_applied,no_safe_anchor
роза,роза,17,review_only_not_auto_applied,no_safe_anchor
табак/эвкалипт софт,табак эвкалипт софт,17,review_only_not_auto_applied,no_safe_anchor
перламутровый,перламутровый,16,review_only_not_auto_applied,no_safe_anchor
сонома,сонома,16,review_only_not_auto_applied,no_safe_anchor
темная вишня,темная вишня,16,review_only_not_auto_applied,no_safe_anchor
меланж,меланж,15,review_only_not_auto_applied,no_safe_anchor
изумруд,изумруд,13,review_only_not_auto_applied,no_safe_anchor
коньяк,коньяк,13,review_only_not_auto_applied,no_safe_anchor
charcoal,charcoal,12,review_only_not_auto_applied,no_safe_anchor
базальт,базальт,12,review_only_not_auto_applied,no_safe_anchor
бамбук,бамбук,12,review_only_not_auto_applied,no_safe_anchor
дуб галифакс,дуб галифакс,12,review_only_not_auto_applied,no_safe_anchor
дуб натуральный,дуб натуральный,12,review_only_not_auto_applied,no_safe_anchor
камень темный,камень темный,12,review_only_not_auto_applied,no_safe_anchor
черничный,черничный,12,review_only_not_auto_applied,no_safe_anchor
крем,крем,11,review_only_not_auto_applied,no_safe_anchor
сливовый,сливовый,11,review_only_not_auto_applied,no_safe_anchor
шимо темный / шимо светлый,шимо темный шимо светлый,11,review_only_not_auto_applied,no_safe_anchor
бук,бук,10,review_only_not_auto_applied,no_safe_anchor
дуб делано,дуб делано,10,review_only_not_auto_applied,no_safe_anchor
мед,мед,10,review_only_not_auto_applied,no_safe_anchor
старое дерево,старое дерево,10,review_only_not_auto_applied,no_safe_anchor
телесный,телесный,10,review_only_not_auto_applied,no_safe_anchor
ясень перламутр,ясень перламутр,10,review_only_not_auto_applied,no_safe_anchor
ясень шимо темный,ясень шимо темный,10,review_only_not_auto_applied,no_safe_anchor
graygreen,graygreen,9,review_only_not_auto_applied,no_safe_anchor
без отделки,без отделки,9,review_only_not_auto_applied,no_safe_anchor
болотный,болотный,9,review_only_not_auto_applied,no_safe_anchor
миндаль матовый,миндаль матовый,9,review_only_not_auto_applied,no_safe_anchor
табак/грей софт,табак грей софт,9,review_only_not_auto_applied,no_safe_anchor
тауп,тауп,9,review_only_not_auto_applied,no_safe_anchor
темный камень,темный камень,9,review_only_not_auto_applied,no_safe_anchor
ясень анкор светлый,ясень анкор светлый,9,review_only_not_auto_applied,no_safe_anchor
ателье светлый,ателье светлый,8,review_only_not_auto_applied,no_safe_anchor
без покрытия,без покрытия,8,review_only_not_auto_applied,no_safe_anchor
блюгрей,блюгрей,8,review_only_not_auto_applied,no_safe_anchor
гранит,гранит,8,review_only_not_auto_applied,no_safe_anchor
дуб светлый,дуб светлый,8,review_only_not_auto_applied,no_safe_anchor
каштан,каштан,8,review_only_not_auto_applied,no_safe_anchor
леопардовый,леопардовый,8,review_only_not_auto_applied,no_safe_anchor
металл,металл,8,review_only_not_auto_applied,no_safe_anchor
санберст,санберст,8,review_only_not_auto_applied,no_safe_anchor
табак/пыльная роза,табак пыльная роза,8,review_only_not_auto_applied,no_safe_anchor
pvd,pvd,7,review_only_not_auto_applied,no_safe_anchor
titanium color,titanium color,7,review_only_not_auto_applied,no_safe_anchor
дуб американский,дуб американский,7,review_only_not_auto_applied,no_safe_anchor
кватро 2,кватро 2,7,review_only_not_auto_applied,no_safe_anchor
мята,мята,7,review_only_not_auto_applied,no_safe_anchor
тауп темный,тауп темный,7,review_only_not_auto_applied,no_safe_anchor
ясень шимо светлый/темный,ясень шимо светлый темный,7,review_only_not_auto_applied,no_safe_anchor
awesome graygreen,awesome graygreen,6,review_only_not_auto_applied,no_safe_anchor
awesome lightgray,awesome lightgray,6,review_only_not_auto_applied,no_safe_anchor
natural,natural,6,review_only_not_auto_applied,no_safe_anchor
velutto 007,velutto 007,6,review_only_not_auto_applied,no_safe_anchor
бунратти,бунратти,6,review_only_not_auto_applied,no_safe_anchor
вишня,вишня,6,review_only_not_auto_applied,no_safe_anchor
дуб антик,дуб антик,6,review_only_not_auto_applied,no_safe_anchor
дуб крафт табачный,дуб крафт табачный,6,review_only_not_auto_applied,no_safe_anchor
инфинити,инфинити,6,review_only_not_auto_applied,no_safe_anchor
пыльная роза,пыльная роза,6,review_only_not_auto_applied,no_safe_anchor
рельеф пастель,рельеф пастель,6,review_only_not_auto_applied,no_safe_anchor
уголь,уголь,6,review_only_not_auto_applied,no_safe_anchor
хамелеон,хамелеон,6,review_only_not_auto_applied,no_safe_anchor
awesome icyblue,awesome icyblue,5,review_only_not_auto_applied,no_safe_anchor
barsa810,barsa810,5,review_only_not_auto_applied,no_safe_anchor
barsa814,barsa814,5,review_only_not_auto_applied,no_safe_anchor
duna brilliant,duna brilliant,5,review_only_not_auto_applied,no_safe_anchor
soul540,soul540,5,review_only_not_auto_applied,no_safe_anchor
soul618,soul618,5,review_only_not_auto_applied,no_safe_anchor
soul900,soul900,5,review_only_not_auto_applied,no_safe_anchor
soul995,soul995,5,review_only_not_auto_applied,no_safe_anchor
velutto 033,velutto 033,5,review_only_not_auto_applied,no_safe_anchor
velutto 067,velutto 067,5,review_only_not_auto_applied,no_safe_anchor
velutto 074,velutto 074,5,review_only_not_auto_applied,no_safe_anchor
velutto 075,velutto 075,5,review_only_not_auto_applied,no_safe_anchor
vivaldi 13,vivaldi 13,5,review_only_not_auto_applied,no_safe_anchor
vivaldi 22,vivaldi 22,5,review_only_not_auto_applied,no_safe_anchor
аметист,аметист,5,review_only_not_auto_applied,no_safe_anchor
бодега,бодега,5,review_only_not_auto_applied,no_safe_anchor
джинс,джинс,5,review_only_not_auto_applied,no_safe_anchor
мульти,мульти,5,review_only_not_auto_applied,no_safe_anchor
проза,проза,5,review_only_not_auto_applied,no_safe_anchor
с22 вудленд,с22 вудленд,5,review_only_not_auto_applied,no_safe_anchor
тедди005,тедди005,5,review_only_not_auto_applied,no_safe_anchor
темный изумруд,темный изумруд,5,review_only_not_auto_applied,no_safe_anchor
тиффани,тиффани,5,review_only_not_auto_applied,no_safe_anchor
barsa803,barsa803,4,review_only_not_auto_applied,no_safe_anchor
dark wood,dark wood,4,review_only_not_auto_applied,no_safe_anchor
light wood,light wood,4,review_only_not_auto_applied,no_safe_anchor
satin,satin,4,review_only_not_auto_applied,no_safe_anchor
soul000,soul000,4,review_only_not_auto_applied,no_safe_anchor
titanium silverblue,titanium silverblue,4,review_only_not_auto_applied,no_safe_anchor
vivaldi 02,vivaldi 02,4,review_only_not_auto_applied,no_safe_anchor
vivaldi 07,vivaldi 07,4,review_only_not_auto_applied,no_safe_anchor
vivaldi 08,vivaldi 08,4,review_only_not_auto_applied,no_safe_anchor
vivaldi 11,vivaldi 11,4,review_only_not_auto_applied,no_safe_anchor
vivaldi 18,vivaldi 18,4,review_only_not_auto_applied,no_safe_anchor
vivaldi 24,vivaldi 24,4,review_only_not_auto_applied,no_safe_anchor
айвори,айвори,4,review_only_not_auto_applied,no_safe_anchor
антик,антик,4,review_only_not_auto_applied,no_safe_anchor
антроцит,антроцит,4,review_only_not_auto_applied,no_safe_anchor
апельсиновый,апельсиновый,4,review_only_not_auto_applied,no_safe_anchor
асфальт,асфальт,4,review_only_not_auto_applied,no_safe_anchor
баклажановый,баклажановый,4,review_only_not_auto_applied,no_safe_anchor
брашированная сталь,брашированная сталь,4,review_only_not_auto_applied,no_safe_anchor
гранатовый,гранатовый,4,review_only_not_auto_applied,no_safe_anchor
гуава,гуава,4,review_only_not_auto_applied,no_safe_anchor
деним,деним,4,review_only_not_auto_applied,no_safe_anchor
дуб атланта,дуб атланта,4,review_only_not_auto_applied,no_safe_anchor
дуб галифакс натуральный,дуб галифакс натуральный,4,review_only_not_auto_applied,no_safe_anchor
дуб сальвадор лдсп / дуб светлый мдф,дуб сальвадор лдсп дуб светлый мдф,4,review_only_not_auto_applied,no_safe_anchor
дуб смоки/кашемир,дуб смоки кашемир,4,review_only_not_auto_applied,no_safe_anchor
дуб телемарк,дуб телемарк,4,review_only_not_auto_applied,no_safe_anchor
дуб чарльстон,дуб чарльстон,4,review_only_not_auto_applied,no_safe_anchor
кипарис,кипарис,4,review_only_not_auto_applied,no_safe_anchor
кирпичный,кирпичный,4,review_only_not_auto_applied,no_safe_anchor
кобальт,кобальт,4,review_only_not_auto_applied,no_safe_anchor
льняной лак мдф / персидский жемчуг лдсп,льняной лак мдф персидский жемчуг лдсп,4,review_only_not_auto_applied,no_safe_anchor
мокка,мокка,4,review_only_not_auto_applied,no_safe_anchor
морской волны велюр mj9 99,морской волны велюр mj9 99,4,review_only_not_auto_applied,no_safe_anchor
натур,натур,4,review_only_not_auto_applied,no_safe_anchor
олива софт дуб крафт,олива софт дуб крафт,4,review_only_not_auto_applied,no_safe_anchor
орех французский,орех французский,4,review_only_not_auto_applied,no_safe_anchor
персидский жемчуг,персидский жемчуг,4,review_only_not_auto_applied,no_safe_anchor
с29 бундесвер,с29 бундесвер,4,review_only_not_auto_applied,no_safe_anchor
с35 камуфляж,с35 камуфляж,4,review_only_not_auto_applied,no_safe_anchor
сосна,сосна,4,review_only_not_auto_applied,no_safe_anchor
тедди018,тедди018,4,review_only_not_auto_applied,no_safe_anchor
тедди024,тедди024,4,review_only_not_auto_applied,no_safe_anchor
темно корчиневый,темно корчиневый,4,review_only_not_auto_applied,no_safe_anchor
темный металлик,темный металлик,4,review_only_not_auto_applied,no_safe_anchor
туман,туман,4,review_only_not_auto_applied,no_safe_anchor
ультра санд,ультра санд,4,review_only_not_auto_applied,no_safe_anchor
хайвей,хайвей,4,review_only_not_auto_applied,no_safe_anchor
хлопок,хлопок,4,review_only_not_auto_applied,no_safe_anchor
шпон/дуб,шпон дуб,4,review_only_not_auto_applied,no_safe_anchor
ясень анкор темный,ясень анкор темный,4,review_only_not_auto_applied,no_safe_anchor
ясень шимо темный / ясень шимо светлый,ясень шимо темный ясень шимо светлый,4,review_only_not_auto_applied,no_safe_anchor
0,0,3,review_only_not_auto_applied,no_safe_anchor
4.5,4 5,3,review_only_not_auto_applied,no_safe_anchor
awesome charcoal,awesome charcoal,3,review_only_not_auto_applied,no_safe_anchor
barsa801,barsa801,3,review_only_not_auto_applied,no_safe_anchor
desert,desert,3,review_only_not_auto_applied,no_safe_anchor
duna latte,duna latte,3,review_only_not_auto_applied,no_safe_anchor
lightgray,lightgray,3,review_only_not_auto_applied,no_safe_anchor
royal,royal,3,review_only_not_auto_applied,no_safe_anchor
titanium whitesilver,titanium whitesilver,3,review_only_not_auto_applied,no_safe_anchor
vivaldi 30,vivaldi 30,3,review_only_not_auto_applied,no_safe_anchor
бетон пайн,бетон пайн,3,review_only_not_auto_applied,no_safe_anchor
бетон светлый,бетон светлый,3,review_only_not_auto_applied,no_safe_anchor
бетон чикаго,бетон чикаго,3,review_only_not_auto_applied,no_safe_anchor
глина,глина,3,review_only_not_auto_applied,no_safe_anchor
дуб санремо,дуб санремо,3,review_only_not_auto_applied,no_safe_anchor
дуб смоки / айриш,дуб смоки айриш,3,review_only_not_auto_applied,no_safe_anchor
дуб эврика,дуб эврика,3,review_only_not_auto_applied,no_safe_anchor
камень светлый,камень светлый,3,review_only_not_auto_applied,no_safe_anchor
кашемир дуб крафт,кашемир дуб крафт,3,review_only_not_auto_applied,no_safe_anchor
кофе,кофе,3,review_only_not_auto_applied,no_safe_anchor
краш 01,краш 01,3,review_only_not_auto_applied,no_safe_anchor
лунная пыль,лунная пыль,3,review_only_not_auto_applied,no_safe_anchor
марсала,марсала,3,review_only_not_auto_applied,no_safe_anchor
металлизированный,металлизированный,3,review_only_not_auto_applied,no_safe_anchor
мрамор/камень бетонный,мрамор камень бетонный,3,review_only_not_auto_applied,no_safe_anchor
огненная лава,огненная лава,3,review_only_not_auto_applied,no_safe_anchor
орех темный,орех темный,3,review_only_not_auto_applied,no_safe_anchor
платина,платина,3,review_only_not_auto_applied,no_safe_anchor
рогожка грей,рогожка грей,3,review_only_not_auto_applied,no_safe_anchor
с37 мультикам,с37 мультикам,3,review_only_not_auto_applied,no_safe_anchor
табак,табак,3,review_only_not_auto_applied,no_safe_anchor
табак пыльная роза,табак пыльная роза,3,review_only_not_auto_applied,no_safe_anchor
таксония,таксония,3,review_only_not_auto_applied,no_safe_anchor
тедди014,тедди014,3,review_only_not_auto_applied,no_safe_anchor
туя,туя,3,review_only_not_auto_applied,no_safe_anchor
файерстоун,файерстоун,3,review_only_not_auto_applied,no_safe_anchor
цемент,цемент,3,review_only_not_auto_applied,no_safe_anchor
цемент светлый,цемент светлый,3,review_only_not_auto_applied,no_safe_anchor
цемент темный,цемент темный,3,review_only_not_auto_applied,no_safe_anchor
чугун,чугун,3,review_only_not_auto_applied,no_safe_anchor
шимо светлый,шимо светлый,3,review_only_not_auto_applied,no_safe_anchor
эмеральд,эмеральд,3,review_only_not_auto_applied,no_safe_anchor
ясень анкор светлый / сандал светлый,ясень анкор светлый сандал светлый,3,review_only_not_auto_applied,no_safe_anchor
ясень таормина,ясень таормина,3,review_only_not_auto_applied,no_safe_anchor
2052,2052,2,review_only_not_auto_applied,no_safe_anchor
arctic dawn,arctic dawn,2,review_only_not_auto_applied,no_safe_anchor
ash,ash,2,review_only_not_auto_applied,no_safe_anchor
bars 13,bars 13,2,review_only_not_auto_applied,no_safe_anchor
bars 2,bars 2,2,review_only_not_auto_applied,no_safe_anchor
bars 28,bars 28,2,review_only_not_auto_applied,no_safe_anchor
bars 8,bars 8,2,review_only_not_auto_applied,no_safe_anchor
barsa817,barsa817,2,review_only_not_auto_applied,no_safe_anchor
barsa819,barsa819,2,review_only_not_auto_applied,no_safe_anchor
dakota 31,dakota 31,2,review_only_not_auto_applied,no_safe_anchor
dry ice,dry ice,2,review_only_not_auto_applied,no_safe_anchor
elza 15,elza 15,2,review_only_not_auto_applied,no_safe_anchor
jacket 601 орех антик,jacket 601 орех антик,2,review_only_not_auto_applied,no_safe_anchor
jadegreen,jadegreen,2,review_only_not_auto_applied,no_safe_anchor
latte,latte,2,review_only_not_auto_applied,no_safe_anchor
lavander,lavander,2,review_only_not_auto_applied,no_safe_anchor
lotto 401,lotto 401,2,review_only_not_auto_applied,no_safe_anchor
lotto 403,lotto 403,2,review_only_not_auto_applied,no_safe_anchor
lotto 404,lotto 404,2,review_only_not_auto_applied,no_safe_anchor
lunar titanium,lunar titanium,2,review_only_not_auto_applied,no_safe_anchor
midnight ocean,midnight ocean,2,review_only_not_auto_applied,no_safe_anchor
moon titanium,moon titanium,2,review_only_not_auto_applied,no_safe_anchor
nebula titanium,nebula titanium,2,review_only_not_auto_applied,no_safe_anchor
no,no,2,review_only_not_auto_applied,no_safe_anchor
obsidian,obsidian,2,review_only_not_auto_applied,no_safe_anchor
ocean 100,ocean 100,2,review_only_not_auto_applied,no_safe_anchor
ocean 233,ocean 233,2,review_only_not_auto_applied,no_safe_anchor
ocean 297,ocean 297,2,review_only_not_auto_applied,no_safe_anchor
ocean 673,ocean 673,2,review_only_not_auto_applied,no_safe_anchor
ocean 780,ocean 780,2,review_only_not_auto_applied,no_safe_anchor
ocean 960,ocean 960,2,review_only_not_auto_applied,no_safe_anchor
ocean 995,ocean 995,2,review_only_not_auto_applied,no_safe_anchor
pvd сатин,pvd сатин,2,review_only_not_auto_applied,no_safe_anchor
shadow ash,shadow ash,2,review_only_not_auto_applied,no_safe_anchor
sliver,sliver,2,review_only_not_auto_applied,no_safe_anchor
velutto007,velutto007,2,review_only_not_auto_applied,no_safe_anchor
velutto033,velutto033,2,review_only_not_auto_applied,no_safe_anchor
velutto067,velutto067,2,review_only_not_auto_applied,no_safe_anchor
velutto074,velutto074,2,review_only_not_auto_applied,no_safe_anchor
velutto075,velutto075,2,review_only_not_auto_applied,no_safe_anchor
vivaldi 10,vivaldi 10,2,review_only_not_auto_applied,no_safe_anchor
vivaldi 26,vivaldi 26,2,review_only_not_auto_applied,no_safe_anchor
wellton 3 орех антик,wellton 3 орех антик,2,review_only_not_auto_applied,no_safe_anchor
американский орех madera03,американский орех madera03,2,review_only_not_auto_applied,no_safe_anchor
аш,аш,2,review_only_not_auto_applied,no_safe_anchor
берри,берри,2,review_only_not_auto_applied,no_safe_anchor
бордо велюр mj9 43,бордо велюр mj9 43,2,review_only_not_auto_applied,no_safe_anchor
браун,браун,2,review_only_not_auto_applied,no_safe_anchor
брашированая сталь,брашированая сталь,2,review_only_not_auto_applied,no_safe_anchor
бук бавария,бук бавария,2,review_only_not_auto_applied,no_safe_anchor
вайт,вайт,2,review_only_not_auto_applied,no_safe_anchor
венис,венис,2,review_only_not_auto_applied,no_safe_anchor
весенняя мимоза,весенняя мимоза,2,review_only_not_auto_applied,no_safe_anchor
вечнозеленый,вечнозеленый,2,review_only_not_auto_applied,no_safe_anchor
выбеленное дерево,выбеленное дерево,2,review_only_not_auto_applied,no_safe_anchor
горький шоколад,горький шоколад,2,review_only_not_auto_applied,no_safe_anchor
гранж,гранж,2,review_only_not_auto_applied,no_safe_anchor
грей софт/табак,грей софт табак,2,review_only_not_auto_applied,no_safe_anchor
грэй,грэй,2,review_only_not_auto_applied,no_safe_anchor
дуб вотан / можжевельник,дуб вотан можжевельник,2,review_only_not_auto_applied,no_safe_anchor
дуб каньон / шарли бриз,дуб каньон шарли бриз,2,review_only_not_auto_applied,no_safe_anchor
дуб каньон / эвкалипт софт,дуб каньон эвкалипт софт,2,review_only_not_auto_applied,no_safe_anchor
дуб коми,дуб коми,2,review_only_not_auto_applied,no_safe_anchor
дуб крафт табачный/сатин/терракот,дуб крафт табачный сатин терракот,2,review_only_not_auto_applied,no_safe_anchor
дуб эрика,дуб эрика,2,review_only_not_auto_applied,no_safe_anchor
жасмин,жасмин,2,review_only_not_auto_applied,no_safe_anchor
карамель,карамель,2,review_only_not_auto_applied,no_safe_anchor
кашемир/кашемир,кашемир кашемир,2,review_only_not_auto_applied,no_safe_anchor
кварц,кварц,2,review_only_not_auto_applied,no_safe_anchor
крафт табачный,крафт табачный,2,review_only_not_auto_applied,no_safe_anchor
лен,лен,2,review_only_not_auto_applied,no_safe_anchor
металлик/дуб крымский состаренный,металлик дуб крымский состаренный,2,review_only_not_auto_applied,no_safe_anchor
металлик/дуб сонома,металлик дуб сонома,2,review_only_not_auto_applied,no_safe_anchor
метрополитан,метрополитан,2,review_only_not_auto_applied,no_safe_anchor
мокко велюр mj9 9,мокко велюр mj9 9,2,review_only_not_auto_applied,no_safe_anchor
мореный дуб,мореный дуб,2,review_only_not_auto_applied,no_safe_anchor
мрамор,мрамор,2,review_only_not_auto_applied,no_safe_anchor
нежная мята,нежная мята,2,review_only_not_auto_applied,no_safe_anchor
пальмовый,пальмовый,2,review_only_not_auto_applied,no_safe_anchor
персидский жемчуг амарок веллингтон,персидский жемчуг амарок веллингтон,2,review_only_not_auto_applied,no_safe_anchor
под кожу,под кожу,2,review_only_not_auto_applied,no_safe_anchor
сахара нуар,сахара нуар,2,review_only_not_auto_applied,no_safe_anchor
светлый бетон,светлый бетон,2,review_only_not_auto_applied,no_safe_anchor
слейт,слейт,2,review_only_not_auto_applied,no_safe_anchor
смок,смок,2,review_only_not_auto_applied,no_safe_anchor
сосна пандероса,сосна пандероса,2,review_only_not_auto_applied,no_safe_anchor
табак грей софт,табак грей софт,2,review_only_not_auto_applied,no_safe_anchor
таксус,таксус,2,review_only_not_auto_applied,no_safe_anchor
тедди 018,тедди 018,2,review_only_not_auto_applied,no_safe_anchor
тедди626,тедди626,2,review_only_not_auto_applied,no_safe_anchor
темный дуб,темный дуб,2,review_only_not_auto_applied,no_safe_anchor
темный обсидиан,темный обсидиан,2,review_only_not_auto_applied,no_safe_anchor
терра,терра,2,review_only_not_auto_applied,no_safe_anchor
терраццо,терраццо,2,review_only_not_auto_applied,no_safe_anchor
тм69,тм69,2,review_only_not_auto_applied,no_safe_anchor
травяной,травяной,2,review_only_not_auto_applied,no_safe_anchor
ультра миднайт,ультра миднайт,2,review_only_not_auto_applied,no_safe_anchor
шелковица,шелковица,2,review_only_not_auto_applied,no_safe_anchor
шимо темный/ шимо светлый,шимо темный шимо светлый,2,review_only_not_auto_applied,no_safe_anchor
шпон дуб беленый,шпон дуб беленый,2,review_only_not_auto_applied,no_safe_anchor
эспрессо,эспрессо,2,review_only_not_auto_applied,no_safe_anchor
ясень шимо/дуб сонома,ясень шимо дуб сонома,2,review_only_not_auto_applied,no_safe_anchor
ясень шимо светлый ясень шимо темный,ясень шимо светлый ясень шимо темный,2,review_only_not_auto_applied,no_safe_anchor
ясень шимо темный ясень шимо светлый,ясень шимо темный ясень шимо светлый,2,review_only_not_auto_applied,no_safe_anchor
07,07,1,review_only_not_auto_applied,no_safe_anchor
1470,1470,1,review_only_not_auto_applied,no_safe_anchor
20819 1,20819 1,1,review_only_not_auto_applied,no_safe_anchor
21691 1,21691 1,1,review_only_not_auto_applied,no_safe_anchor
21696 1,21696 1,1,review_only_not_auto_applied,no_safe_anchor
21884 1,21884 1,1,review_only_not_auto_applied,no_safe_anchor
22088 1,22088 1,1,review_only_not_auto_applied,no_safe_anchor
3027,3027,1,review_only_not_auto_applied,no_safe_anchor
3027лдспбелое,3027лдспбелое,1,review_only_not_auto_applied,no_safe_anchor
3080,3080,1,review_only_not_auto_applied,no_safe_anchor
3085,3085,1,review_only_not_auto_applied,no_safe_anchor
3086,3086,1,review_only_not_auto_applied,no_safe_anchor
3087,3087,1,review_only_not_auto_applied,no_safe_anchor
3103,3103,1,review_only_not_auto_applied,no_safe_anchor
3124,3124,1,review_only_not_auto_applied,no_safe_anchor
3125,3125,1,review_only_not_auto_applied,no_safe_anchor
3166,3166,1,review_only_not_auto_applied,no_safe_anchor
3173,3173,1,review_only_not_auto_applied,no_safe_anchor
7153,7153,1,review_only_not_auto_applied,no_safe_anchor
7475 1,7475 1,1,review_only_not_auto_applied,no_safe_anchor
7908 2,7908 2,1,review_only_not_auto_applied,no_safe_anchor
9449 1,9449 1,1,review_only_not_auto_applied,no_safe_anchor
9768 5,9768 5,1,review_only_not_auto_applied,no_safe_anchor
9787 1,9787 1,1,review_only_not_auto_applied,no_safe_anchor
9836 1,9836 1,1,review_only_not_auto_applied,no_safe_anchor
antik crocodile,antik crocodile,1,review_only_not_auto_applied,no_safe_anchor
astral trail,astral trail,1,review_only_not_auto_applied,no_safe_anchor
aurora titanium,aurora titanium,1,review_only_not_auto_applied,no_safe_anchor
bh крем,bh крем,1,review_only_not_auto_applied,no_safe_anchor
bone,bone,1,review_only_not_auto_applied,no_safe_anchor
clarins 100,clarins 100,1,review_only_not_auto_applied,no_safe_anchor
clarins 130,clarins 130,1,review_only_not_auto_applied,no_safe_anchor
clarins 695,clarins 695,1,review_only_not_auto_applied,no_safe_anchor
clarins 900,clarins 900,1,review_only_not_auto_applied,no_safe_anchor
clarins 995,clarins 995,1,review_only_not_auto_applied,no_safe_anchor
crazy,crazy,1,review_only_not_auto_applied,no_safe_anchor
dakota 11 орех антик,dakota 11 орех антик,1,review_only_not_auto_applied,no_safe_anchor
dark slate,dark slate,1,review_only_not_auto_applied,no_safe_anchor
elza 16 орех антик,elza 16 орех антик,1,review_only_not_auto_applied,no_safe_anchor
elza 18,elza 18,1,review_only_not_auto_applied,no_safe_anchor
elza 18 орех антик,elza 18 орех антик,1,review_only_not_auto_applied,no_safe_anchor
fog,fog,1,review_only_not_auto_applied,no_safe_anchor
fresh cacao,fresh cacao,1,review_only_not_auto_applied,no_safe_anchor
fresh lavander,fresh lavander,1,review_only_not_auto_applied,no_safe_anchor
frost,frost,1,review_only_not_auto_applied,no_safe_anchor
jacket 604,jacket 604,1,review_only_not_auto_applied,no_safe_anchor
jetblack cau,jetblack cau,1,review_only_not_auto_applied,no_safe_anchor
lemongrass,lemongrass,1,review_only_not_auto_applied,no_safe_anchor
lunar ash,lunar ash,1,review_only_not_auto_applied,no_safe_anchor
madagaskar 06,madagaskar 06,1,review_only_not_auto_applied,no_safe_anchor
marble mist,marble mist,1,review_only_not_auto_applied,no_safe_anchor
marble sands,marble sands,1,review_only_not_auto_applied,no_safe_anchor
marsala,marsala,1,review_only_not_auto_applied,no_safe_anchor
martin 14,martin 14,1,review_only_not_auto_applied,no_safe_anchor
martin 3,martin 3,1,review_only_not_auto_applied,no_safe_anchor
martin 9,martin 9,1,review_only_not_auto_applied,no_safe_anchor
mbp,mbp,1,review_only_not_auto_applied,no_safe_anchor
nice verbena,nice verbena,1,review_only_not_auto_applied,no_safe_anchor
plush koriza,plush koriza,1,review_only_not_auto_applied,no_safe_anchor
porcelain,porcelain,1,review_only_not_auto_applied,no_safe_anchor
ral9003,ral9003,1,review_only_not_auto_applied,no_safe_anchor
ral9017,ral9017,1,review_only_not_auto_applied,no_safe_anchor
sgraphite,sgraphite,1,review_only_not_auto_applied,no_safe_anchor
teddy 014,teddy 014,1,review_only_not_auto_applied,no_safe_anchor
teddy 018,teddy 018,1,review_only_not_auto_applied,no_safe_anchor
teddy 602 орех антик,teddy 602 орех антик,1,review_only_not_auto_applied,no_safe_anchor
teddy 605 орех антик,teddy 605 орех антик,1,review_only_not_auto_applied,no_safe_anchor
velutto 45,velutto 45,1,review_only_not_auto_applied,no_safe_anchor
wellton 11,wellton 11,1,review_only_not_auto_applied,no_safe_anchor
акация,акация,1,review_only_not_auto_applied,no_safe_anchor
алюминиум,алюминиум,1,review_only_not_auto_applied,no_safe_anchor
амели 20,амели 20,1,review_only_not_auto_applied,no_safe_anchor
американский орех madera05,американский орех madera05,1,review_only_not_auto_applied,no_safe_anchor
американский орех ophelia02,американский орех ophelia02,1,review_only_not_auto_applied,no_safe_anchor
анкор светлый,анкор светлый,1,review_only_not_auto_applied,no_safe_anchor
арктика,арктика,1,review_only_not_auto_applied,no_safe_anchor
арктический камуфляж,арктический камуфляж,1,review_only_not_auto_applied,no_safe_anchor
ателье темный,ателье темный,1,review_only_not_auto_applied,no_safe_anchor
бежвый,бежвый,1,review_only_not_auto_applied,no_safe_anchor
берлинская лазурь,берлинская лазурь,1,review_only_not_auto_applied,no_safe_anchor
берст,берст,1,review_only_not_auto_applied,no_safe_anchor
бирюза,бирюза,1,review_only_not_auto_applied,no_safe_anchor
бискайская сосна,бискайская сосна,1,review_only_not_auto_applied,no_safe_anchor
бодега светлый,бодега светлый,1,review_only_not_auto_applied,no_safe_anchor
бордо,бордо,1,review_only_not_auto_applied,no_safe_anchor
браво блу,браво блу,1,review_only_not_auto_applied,no_safe_anchor
браун кварцит,браун кварцит,1,review_only_not_auto_applied,no_safe_anchor
браш вайт дуб крафт,браш вайт дуб крафт,1,review_only_not_auto_applied,no_safe_anchor
браш мени грин дуб крафт,браш мени грин дуб крафт,1,review_only_not_auto_applied,no_safe_anchor
бриз,бриз,1,review_only_not_auto_applied,no_safe_anchor
брусничный,брусничный,1,review_only_not_auto_applied,no_safe_anchor
бук натуральный,бук натуральный,1,review_only_not_auto_applied,no_safe_anchor
бьянко,бьянко,1,review_only_not_auto_applied,no_safe_anchor
ваниль,ваниль,1,review_only_not_auto_applied,no_safe_anchor
верде,верде,1,review_only_not_auto_applied,no_safe_anchor
винетберг,винетберг,1,review_only_not_auto_applied,no_safe_anchor
вороненая сталь сталь,вороненая сталь сталь,1,review_only_not_auto_applied,no_safe_anchor
глянец,глянец,1,review_only_not_auto_applied,no_safe_anchor
голубуй,голубуй,1,review_only_not_auto_applied,no_safe_anchor
грей беж,грей беж,1,review_only_not_auto_applied,no_safe_anchor
грейдж,грейдж,1,review_only_not_auto_applied,no_safe_anchor
грецкий орех/акация,грецкий орех акация,1,review_only_not_auto_applied,no_safe_anchor
гризайль,гризайль,1,review_only_not_auto_applied,no_safe_anchor
десерт,десерт,1,review_only_not_auto_applied,no_safe_anchor
димроз,димроз,1,review_only_not_auto_applied,no_safe_anchor
дуб белфорд,дуб белфорд,1,review_only_not_auto_applied,no_safe_anchor
дуб верона,дуб верона,1,review_only_not_auto_applied,no_safe_anchor
дуб вотан / можжевельник 120.2 см,дуб вотан можжевельник 120 2 см,1,review_only_not_auto_applied,no_safe_anchor
дуб вотан / можжевельник с нишей,дуб вотан можжевельник с нишей,1,review_only_not_auto_applied,no_safe_anchor
дуб вотан / черника 150 см,дуб вотан черника 150 см,1,review_only_not_auto_applied,no_safe_anchor
дуб гранж колониальный к354 интра,дуб гранж колониальный к354 интра,1,review_only_not_auto_applied,no_safe_anchor
дуб канада,дуб канада,1,review_only_not_auto_applied,no_safe_anchor
дуб каньон / ромбы фрезеровка,дуб каньон ромбы фрезеровка,1,review_only_not_auto_applied,no_safe_anchor
дуб крафт табачный/грэви/сэнд,дуб крафт табачный грэви сэнд,1,review_only_not_auto_applied,no_safe_anchor
дуб крафт табачный лдсп / асфальт супермат мдф,дуб крафт табачный лдсп асфальт супермат мдф,1,review_only_not_auto_applied,no_safe_anchor
дуб крафт табачный сатин терракот,дуб крафт табачный сатин терракот,1,review_only_not_auto_applied,no_safe_anchor
дуб крым. состар./эбен. дерево,дуб крым состар эбен дерево,1,review_only_not_auto_applied,no_safe_anchor
дуб смоки,дуб смоки,1,review_only_not_auto_applied,no_safe_anchor
дуб смоки айриш,дуб смоки айриш,1,review_only_not_auto_applied,no_safe_anchor
дуб смоки/айриш,дуб смоки айриш,1,review_only_not_auto_applied,no_safe_anchor
дуб смоки / кашемир,дуб смоки кашемир,1,review_only_not_auto_applied,no_safe_anchor
дуб сонома/акация,дуб сонома акация,1,review_only_not_auto_applied,no_safe_anchor
дуб сонома / крем сатин 4 полки,дуб сонома крем сатин 4 полки,1,review_only_not_auto_applied,no_safe_anchor
дуб сонома трюфель,дуб сонома трюфель,1,review_only_not_auto_applied,no_safe_anchor
дуб эндгрейн элег. милк рикамо софт,дуб эндгрейн элег милк рикамо софт,1,review_only_not_auto_applied,no_safe_anchor
дубвотан,дубвотан,1,review_only_not_auto_applied,no_safe_anchor
дым,дым,1,review_only_not_auto_applied,no_safe_anchor
желтный,желтный,1,review_only_not_auto_applied,no_safe_anchor
звезды,звезды,1,review_only_not_auto_applied,no_safe_anchor
зебра,зебра,1,review_only_not_auto_applied,no_safe_anchor
зерно,зерно,1,review_only_not_auto_applied,no_safe_anchor
ираклия,ираклия,1,review_only_not_auto_applied,no_safe_anchor
кадена вуд,кадена вуд,1,review_only_not_auto_applied,no_safe_anchor
кадена лайт,кадена лайт,1,review_only_not_auto_applied,no_safe_anchor
камень пьетра,камень пьетра,1,review_only_not_auto_applied,no_safe_anchor
канадская сосна,канадская сосна,1,review_only_not_auto_applied,no_safe_anchor
каркас из массива бука цвет дуб олово столешница шпонированный мдф цвет дуб олово,каркас из массива бука цвет дуб олово столешница шпонированный мдф цвет дуб олово,1,review_only_not_auto_applied,no_safe_anchor
каркас из массива бука цвет ольха столешница шпонированный мдф цвет ольха,каркас из массива бука цвет ольха столешница шпонированный мдф цвет ольха,1,review_only_not_auto_applied,no_safe_anchor
каркас цвет дуб олово,каркас цвет дуб олово,1,review_only_not_auto_applied,no_safe_anchor
каркас цвет мята,каркас цвет мята,1,review_only_not_auto_applied,no_safe_anchor
кашемир / айриш,кашемир айриш,1,review_only_not_auto_applied,no_safe_anchor
кашемир/сантьяго,кашемир сантьяго,1,review_only_not_auto_applied,no_safe_anchor
кашемир/ясень,кашемир ясень,1,review_only_not_auto_applied,no_safe_anchor
кирпичный rxt051 13,кирпичный rxt051 13,1,review_only_not_auto_applied,no_safe_anchor
клен,клен,1,review_only_not_auto_applied,no_safe_anchor
корал,корал,1,review_only_not_auto_applied,no_safe_anchor
кораловый,кораловый,1,review_only_not_auto_applied,no_safe_anchor
корица,корица,1,review_only_not_auto_applied,no_safe_anchor
кофе с молоком,кофе с молоком,1,review_only_not_auto_applied,no_safe_anchor
крафт мальта грей,крафт мальта грей,1,review_only_not_auto_applied,no_safe_anchor
крем экокожа 67 см,крем экокожа 67 см,1,review_only_not_auto_applied,no_safe_anchor
л21,л21,1,review_only_not_auto_applied,no_safe_anchor
л60,л60,1,review_only_not_auto_applied,no_safe_anchor
лайк992,лайк992,1,review_only_not_auto_applied,no_safe_anchor
лайт стоун,лайт стоун,1,review_only_not_auto_applied,no_safe_anchor
лак,лак,1,review_only_not_auto_applied,no_safe_anchor
латтэ,латтэ,1,review_only_not_auto_applied,no_safe_anchor
легкость бытия,легкость бытия,1,review_only_not_auto_applied,no_safe_anchor
лесной орех нюд,лесной орех нюд,1,review_only_not_auto_applied,no_safe_anchor
лилия,лилия,1,review_only_not_auto_applied,no_safe_anchor
листья,листья,1,review_only_not_auto_applied,no_safe_anchor
лоредо,лоредо,1,review_only_not_auto_applied,no_safe_anchor
лофт,лофт,1,review_only_not_auto_applied,no_safe_anchor
лунный,лунный,1,review_only_not_auto_applied,no_safe_anchor
льняной мдф / персидский жемчуг лдсп,льняной мдф персидский жемчуг лдсп,1,review_only_not_auto_applied,no_safe_anchor
манговый фреш,манговый фреш,1,review_only_not_auto_applied,no_safe_anchor
мегаполис 24,мегаполис 24,1,review_only_not_auto_applied,no_safe_anchor
ментол,ментол,1,review_only_not_auto_applied,no_safe_anchor
ментоловый,ментоловый,1,review_only_not_auto_applied,no_safe_anchor
металл шлифованный,металл шлифованный,1,review_only_not_auto_applied,no_safe_anchor
металлик/ слоновая кость,металлик слоновая кость,1,review_only_not_auto_applied,no_safe_anchor
металлик/слоновая кость,металлик слоновая кость,1,review_only_not_auto_applied,no_safe_anchor
металлик/темно корич.,металлик темно корич,1,review_only_not_auto_applied,no_safe_anchor
метрополитан грей,метрополитан грей,1,review_only_not_auto_applied,no_safe_anchor
метрополитан грей и крем вайс,метрополитан грей и крем вайс,1,review_only_not_auto_applied,no_safe_anchor
миланский орех,миланский орех,1,review_only_not_auto_applied,no_safe_anchor
мкланж,мкланж,1,review_only_not_auto_applied,no_safe_anchor
мокко букле 50 см,мокко букле 50 см,1,review_only_not_auto_applied,no_safe_anchor
мокко букле 67 см,мокко букле 67 см,1,review_only_not_auto_applied,no_safe_anchor
мокко рогожка 50 см,мокко рогожка 50 см,1,review_only_not_auto_applied,no_safe_anchor
мокко рогожка 67 см,мокко рогожка 67 см,1,review_only_not_auto_applied,no_safe_anchor
монстры,монстры,1,review_only_not_auto_applied,no_safe_anchor
морской,морской,1,review_only_not_auto_applied,no_safe_anchor
морской лед,морской лед,1,review_only_not_auto_applied,no_safe_anchor
мультикам,мультикам,1,review_only_not_auto_applied,no_safe_anchor
натуральное дерево madera03,натуральное дерево madera03,1,review_only_not_auto_applied,no_safe_anchor
натуральное дерево ophelia02,натуральное дерево ophelia02,1,review_only_not_auto_applied,no_safe_anchor
натуральное дерево с эффектом старины,натуральное дерево с эффектом старины,1,review_only_not_auto_applied,no_safe_anchor
натуральный дуб,натуральный дуб,1,review_only_not_auto_applied,no_safe_anchor
нерж. сталь/ зеркальный,нерж сталь зеркальный,1,review_only_not_auto_applied,no_safe_anchor
нерж. стальрж.сталь,нерж стальрж сталь,1,review_only_not_auto_applied,no_safe_anchor
неро,неро,1,review_only_not_auto_applied,no_safe_anchor
ножки светлый бук столешница стекло,ножки светлый бук столешница стекло,1,review_only_not_auto_applied,no_safe_anchor
облепиха,облепиха,1,review_only_not_auto_applied,no_safe_anchor
орех гварнери,орех гварнери,1,review_only_not_auto_applied,no_safe_anchor
орех + дуб сонома,орех дуб сонома,1,review_only_not_auto_applied,no_safe_anchor
орех кантри,орех кантри,1,review_only_not_auto_applied,no_safe_anchor
орех линкольн,орех линкольн,1,review_only_not_auto_applied,no_safe_anchor
орех матовый,орех матовый,1,review_only_not_auto_applied,no_safe_anchor
орхидея,орхидея,1,review_only_not_auto_applied,no_safe_anchor
печаный песок,печаный песок,1,review_only_not_auto_applied,no_safe_anchor
пицца,пицца,1,review_only_not_auto_applied,no_safe_anchor
плам,плам,1,review_only_not_auto_applied,no_safe_anchor
полированная сталь,полированная сталь,1,review_only_not_auto_applied,no_safe_anchor
полярная лазурь,полярная лазурь,1,review_only_not_auto_applied,no_safe_anchor
принцессы,принцессы,1,review_only_not_auto_applied,no_safe_anchor
пустынный,пустынный,1,review_only_not_auto_applied,no_safe_anchor
рыжий/натур,рыжий натур,1,review_only_not_auto_applied,no_safe_anchor
рыжий/терра,рыжий терра,1,review_only_not_auto_applied,no_safe_anchor
с линиями на сливовом,с линиями на сливовом,1,review_only_not_auto_applied,no_safe_anchor
сапфир,сапфир,1,review_only_not_auto_applied,no_safe_anchor
свежая мята,свежая мята,1,review_only_not_auto_applied,no_safe_anchor
светлый аквамарин,светлый аквамарин,1,review_only_not_auto_applied,no_safe_anchor
светлый дуб,светлый дуб,1,review_only_not_auto_applied,no_safe_anchor
светлый каспий,светлый каспий,1,review_only_not_auto_applied,no_safe_anchor
сенд,сенд,1,review_only_not_auto_applied,no_safe_anchor
серебирстый,серебирстый,1,review_only_not_auto_applied,no_safe_anchor
сирень,сирень,1,review_only_not_auto_applied,no_safe_anchor
слоники,слоники,1,review_only_not_auto_applied,no_safe_anchor
снежный,снежный,1,review_only_not_auto_applied,no_safe_anchor
сосновый лес,сосновый лес,1,review_only_not_auto_applied,no_safe_anchor
спелая слива,спелая слива,1,review_only_not_auto_applied,no_safe_anchor
сталь,сталь,1,review_only_not_auto_applied,no_safe_anchor
сталь матовая сатин,сталь матовая сатин,1,review_only_not_auto_applied,no_safe_anchor
стил грей балу,стил грей балу,1,review_only_not_auto_applied,no_safe_anchor
столешница дуб анкона ножки анкона+перламутр,столешница дуб анкона ножки анкона перламутр,1,review_only_not_auto_applied,no_safe_anchor
табак эвкалипт,табак эвкалипт,1,review_only_not_auto_applied,no_safe_anchor
тедди 014,тедди 014,1,review_only_not_auto_applied,no_safe_anchor
темный коньяк,темный коньяк,1,review_only_not_auto_applied,no_safe_anchor
темный орех /мокка,темный орех мокка,1,review_only_not_auto_applied,no_safe_anchor
темный топаз,темный топаз,1,review_only_not_auto_applied,no_safe_anchor
терракота,терракота,1,review_only_not_auto_applied,no_safe_anchor
тм58,тм58,1,review_only_not_auto_applied,no_safe_anchor
тм62,тм62,1,review_only_not_auto_applied,no_safe_anchor
тм68,тм68,1,review_only_not_auto_applied,no_safe_anchor
тм89,тм89,1,review_only_not_auto_applied,no_safe_anchor
тм90,тм90,1,review_only_not_auto_applied,no_safe_anchor
ультра грей,ультра грей,1,review_only_not_auto_applied,no_safe_anchor
ультра смок,ультра смок,1,review_only_not_auto_applied,no_safe_anchor
ультра стоун,ультра стоун,1,review_only_not_auto_applied,no_safe_anchor
ультрафиолет,ультрафиолет,1,review_only_not_auto_applied,no_safe_anchor
умбер,умбер,1,review_only_not_auto_applied,no_safe_anchor
фиолет велюр mj9 58,фиолет велюр mj9 58,1,review_only_not_auto_applied,no_safe_anchor
фисташка микровелюр каркас цвет ольха,фисташка микровелюр каркас цвет ольха,1,review_only_not_auto_applied,no_safe_anchor
фламинго,фламинго,1,review_only_not_auto_applied,no_safe_anchor
форвард 750,форвард 750,1,review_only_not_auto_applied,no_safe_anchor
цитрусовый фреш,цитрусовый фреш,1,review_only_not_auto_applied,no_safe_anchor
чернильный,чернильный,1,review_only_not_auto_applied,no_safe_anchor
черри,черри,1,review_only_not_auto_applied,no_safe_anchor
шапмань,шапмань,1,review_only_not_auto_applied,no_safe_anchor
шарли бриз/шарли мокко,шарли бриз шарли мокко,1,review_only_not_auto_applied,no_safe_anchor
шарли пинк/шарли бриз,шарли пинк шарли бриз,1,review_only_not_auto_applied,no_safe_anchor
шимо,шимо,1,review_only_not_auto_applied,no_safe_anchor
шимо темный,шимо темный,1,review_only_not_auto_applied,no_safe_anchor
шимо темный шимо светлый,шимо темный шимо светлый,1,review_only_not_auto_applied,no_safe_anchor
шиншилла/асканит,шиншилла асканит,1,review_only_not_auto_applied,no_safe_anchor
шоколад/табак,шоколад табак,1,review_only_not_auto_applied,no_safe_anchor
штейн,штейн,1,review_only_not_auto_applied,no_safe_anchor
эмили блаш / крем,эмили блаш крем,1,review_only_not_auto_applied,no_safe_anchor
юта,юта,1,review_only_not_auto_applied,no_safe_anchor
ясень анкор,ясень анкор,1,review_only_not_auto_applied,no_safe_anchor
ясень анкор светлый и крем вайс,ясень анкор светлый и крем вайс,1,review_only_not_auto_applied,no_safe_anchor
ясень анкор светлый и ясень анкор темный,ясень анкор светлый и ясень анкор темный,1,review_only_not_auto_applied,no_safe_anchor
ясень анкор темный и ясень анкор светлый,ясень анкор темный и ясень анкор светлый,1,review_only_not_auto_applied,no_safe_anchor
ясень матовый,ясень матовый,1,review_only_not_auto_applied,no_safe_anchor
ясень шимо,ясень шимо,1,review_only_not_auto_applied,no_safe_anchor
