query_original,query_normalized
b97,b97
Телевизор Смарт диагональ 50 частота обновления 120 Гц,телевизор смарт диагональ 50 частота обновления 120 гц
ноутбку,ноутбку
смартфоны samsung galaxy s25 ultra новый. июпн5,смартфоны samsung galaxy s25 ultra новый. июпн5
lphone 17 pro,lphone 17 pro
Beko B5RCNK403 холодильник,beko b5rcnk403 холодильник
Жидкость для ирригатора,жидкость для ирригатора
маленький холодильник в мвидио в карнавале,маленький холодильник в мвидио в карнавале
насос для воды из бочки,насос для воды из бочки
смартфоны samsung galaxy a57 128,смартфоны samsung galaxy a57 128
Maibenben Typhoon X16D,maibenben typhoon x16d
SC 3 EasyFix,sc 3 easyfix
Смартфон Huawei,смартфон huawei
White Friday Рассрочка 0-0-24 Обзор Смартфон HUAWEI nova 15,white friday рассрочка 0 0 24 обзор смартфон huawei nova 15
Pico 4,pico 4
Apple iPad Air 11 (2025) M3 LTE 256gb Blue,apple ipad air 11 2025 m3 lte 256gb blue
Galanza,galanza
41.12 аксион,41.12 аксион
Сушильные машины лудщий по  отзывам,сушильные машины лудщий по отзывам
Atvel Zorro Z7 и серия Hobot,atvel zorro z7 и серия hobot
UYS2002B91 11Win GB16 SSD TB1 H210 5Core R10IRH01 Mini IdeaCentre Lenovo,uys2002b91 11win gb16 ssd tb1 h210 5core r10irh01 mini ideacentre lenovo
Микроволновка без поворотного стола и с отключением звукового сигнала,микроволновка без поворотного стола и с отключением звукового сигнала
Электровелисипед minoko,электровелисипед minoko
стиральная машинка узкая 40*50,стиральная машинка узкая 40 50
узкие стиральные машины electrolux,узкие стиральные машины electrolux
портативная колонка со встроенным радио,портативная колонка со встроенным радио
 20072787,20072787
ванплас ,ванплас
Кабель USB Type-с 2 м,кабель usb type с 2 м
стиральная машинка малютка без отжима фея ,стиральная машинка малютка без отжима фея
тостеры красный,тостеры красный
Powerac PR8000,powerac pr8000
Apple MacBook Air 13 m3 16г,apple macbook air 13 m3 16г
Кукла ,кукла
барьео,барьео
Пылесос грандиг вертикальный ,пылесос грандиг вертикальный
розлвый телефон,розлвый телефон
Смартфон HONOR 400 Pro 12GB/512GB черный,смартфон honor 400 pro 12gb/512gb черный
смарт часы чяоми,смарт часы чяоми
400487740,400487740
одноразовые пылесборники,одноразовые пылесборники
Air 13 M5 2026 16/512GB Sky Blue MDHH4,air 13 m5 2026 16/512gb sky blue mdhh4
ghbynth a3,ghbynth a3
haushalt ,haushalt
teymi lori,teymi lori
Oneplus 17 ,oneplus 17
Bath maunfeld,bath maunfeld
ASUS TUF Gaming F16 FX608JHR-RV166 ,asus tuf gaming f16 fx608jhr rv166
динамик challenger 12 дюйм,динамик challenger 12 дюйм
комплект стиральная машина с раковиной,комплект стиральная машина с раковиной
Встраимая посудомоечная машина мидеа,встраимая посудомоечная машина мидеа
Тример huhter,тример huhter
Плита электрическая 50 см gorenje,плита электрическая 50 см gorenje
телевизор восстановленный,телевизор восстановленный
наушники redme,наушники redme
Чайник smeg газовый,чайник smeg газовый
Techno pova 5pro,techno pova 5pro
фонокорректор,фонокорректор
HD07 Prussian,hd07 prussian
Холодильник бекко,холодильник бекко
робот пылесос garlyn sr 720,робот пылесос garlyn sr 720
GFA-12000,gfa 12000
CaRrera 652,carrera 652
Холодильник санди 2 м,холодильник санди 2 м
live flex,live flex
реалми 13 про + 5г,реалми 13 про + 5г
фильтры для очистителей и увлажнителей воздуха ,фильтры для очистителей и увлажнителей воздуха
Xiaomi  Pad 6,xiaomi pad 6
Водонагреватель аккумуляторный,водонагреватель аккумуляторный
чехол для Самсунг tab А11 5g,чехол для самсунг tab а11 5g
липкий блок ,липкий блок
Apple MacBook Pro 13 M1 2020 Retina 2560x1600Apple MacBook Pro 13 M1 2020 Retina 2560x1600,apple macbook pro 13 m1 2020 retina 2560x1600apple macbook pro 13 m1 2020 retina 2560x1600
KORTING HG,korting hg
Сканер пленки,сканер пленки
утюги и отпариватели,утюги и отпариватели
дуффизор для кудрявых волос ,дуффизор для кудрявых волос
MAXSUN MS-Terminator B760M D4,maxsun ms terminator b760m d4
remez model s,remez model s
принтеры струйный,принтеры струйный
Hi xu43,hi xu43
кассетный кондиционер,кассетный кондиционер
игры на пс 5 слим,игры на пс 5 слим
WMF FUSIONTEC,wmf fusiontec
400569351,400569351
Пылесос вертирк,пылесос вертирк
набор головок с трещеткой,набор головок с трещеткой
телескоп ,телескоп
бутылка спортивная,бутылка спортивная
газовая плита на 4 газовая,газовая плита на 4 газовая
Автомагнитола SPARTUM M9,автомагнитола spartum m9
Acer nitro lite 16,acer nitro lite 16
Чехол z fold5,чехол z fold5
"Кофе в капсулах Dolce Gusto, ассорти, 48 шт, 4 вкуса",кофе в капсулах dolce gusto ассорти 48 шт 4 вкуса
Bort BHK-21Li-185,bort bhk 21li 185
зарядное устройство для  литиевых батареек ,зарядное устройство для литиевых батареек
Аэрогриль 3 d с разморозкой,аэрогриль 3 d с разморозкой
"Духовка электрическая настольная 38 л, мини-печь черная",духовка электрическая настольная 38 л мини печь черная
Микровалновая печ,микровалновая печ
приставки xiaomi mi box,приставки xiaomi mi box
Планшет huawei matepad 11 5 512,планшет huawei matepad 11 5 512
пылесос H 12 pro,пылесос h 12 pro
вертикальные отпариватели китфорт,вертикальные отпариватели китфорт
Пылисос вертикальный беспроводной самсунг,пылисос вертикальный беспроводной самсунг
жесткий диск hdd 4tb,жесткий диск hdd 4tb
Пылесос ручной handstick gorenje svc222230aew,пылесос ручной handstick gorenje svc222230aew
ID-COOLING SE-206-XT,id cooling se 206 xt
портьеры в гостиную ,портьеры в гостиную
hp 15,hp 15
DA1704501,da1704501
накопительные водонагреватели 30л хаер,накопительные водонагреватели 30л хаер
Сушилке,сушилке
игровой ноутбук asus f17,игровой ноутбук asus f17
bosh аэрогриль,bosh аэрогриль
робот для мытья окон ,робот для мытья окон
Canon sh 740,canon sh 740
	 Кейс для ноутбука Hi LB001,кейс для ноутбука hi lb001
Электрическая варочная панель 450 мм,электрическая варочная панель 450 мм
easi fix plus пароочиститель керхер,easi fix plus пароочиститель керхер
AMD Ryzen 7 9800X3D (OEM),amd ryzen 7 9800x3d oem
видеопроектор Hisense,видеопроектор hisense
ноутбуки asus vivobook m1605b 128,ноутбуки asus vivobook m1605b 128
Аэрогриль DEMIAND SANDERS DK-2200 с Wi-Fi,аэрогриль demiand sanders dk 2200 с wi fi
xt[jk yf шзфв зкщ 12ю9,xt jk yf шзфв зкщ 12ю9
Смартфон HONOR X8d 8 256GB чёрный (5109CCTY) 7 ,смартфон honor x8d 8 256gb черный 5109ccty 7
пауэрбанк 50000,пауэрбанк 50000
GERUMI GERUMI Аэрогриль электрический для дома 6 литров,gerumi gerumi аэрогриль электрический для дома 6 литров
Посудомоечная машина daeeoo,посудомоечная машина daeeoo
samsung tv 65,samsung tv 65
Холодильник CT-1723 inox,холодильник ct 1723 inox
Фотоэпилятор dreame,фотоэпилятор dreame
LEX FSMO 20.01N BL.,lex fsmo 20.01n bl.
моноблоки с операционной системой,моноблоки с операционной системой
машинка бороды brayn,машинка бороды brayn
Сплит-система Haier ,сплит система haier
Ноутбуки rtx 4050 16gb,ноутбуки rtx 4050 16gb
Планшет с sim-карта,планшет с sim карта
Посудомоечная машина gv520e11,посудомоечная машина gv520e11
Defender Solar 12,defender solar 12
Сим карта Мегафон с безлимитным интернетом 300 руб/мес,сим карта мегафон с безлимитным интернетом 300 руб/мес
Сушилка для овощей полярис,сушилка для овощей полярис
Отпариватель парогенератор,отпариватель парогенератор
iconbit 2100,iconbit 2100
домкрат автомобильный подкатной,домкрат автомобильный подкатной
измельчитель льда,измельчитель льда
для принтера pantum,для принтера pantum
XP-Pen Artist 12 ,xp pen artist 12
телефон samsung s 24  ,телефон samsung s 24
Увлажнитель воздуха с ультрафиолетом,увлажнитель воздуха с ультрафиолетом
встраиваемые посудомоечные машины 45  kuppersberg,встраиваемые посудомоечные машины 45 kuppersberg
iClever BTH22  Наушники ,iclever bth22 наушники
Отпариваткль ручной  ,отпариваткль ручной
0414100711,0414100711
беспроводная мышь havit bluetooth,беспроводная мышь havit bluetooth
Игровой ноутбук Lenovo Legion 5 15IRX10 83LY00HTLK,игровой ноутбук lenovo legion 5 15irx10 83ly00htlk
химия для чистки ковров,химия для чистки ковров
Міdеа МАF-СY110А,міdеа маf сy110а
IP-камера HiWatch DS-I850M,ip камера hiwatch ds i850m
телевизор dreame 4 к tv 50q,телевизор dreame 4 к tv 50q
Посудомоечная машина Bosch SMS26DI00T,посудомоечная машина bosch sms26di00t
Аэрогриль с двумя чашами Demiand Duos DK-2100 (8 + 6 л),аэрогриль с двумя чашами demiand duos dk 2100 8 + 6 л
Телевизор Samsung The Frame QE43LS03DAUXRU черный,телевизор samsung the frame qe43ls03dauxru черный
esim южная африка,esim южная африка
"Телевизор 55 Smart TV S4, QLED (DH1VMZD01RU)",телевизор 55 smart tv s4 qled dh1vmzd01ru
huawei 5g 512,huawei 5g 512
JBLQTUM100M2,jblqtum100m2
кастрюля с толстым дном,кастрюля с толстым дном
GoPro HERO 13 Black,gopro hero 13 black
капсульный кофе belmio для dolce gusto,капсульный кофе belmio для dolce gusto
Kugoo m4 pro plus,kugoo m4 pro plus
Волнистая плойка,волнистая плойка
Водонагреватель Electrolux EWH 30 Gladius Inverter,водонагреватель electrolux ewh 30 gladius inverter
умные брелоки (gps-трекеры) samsung,умные брелоки gps трекеры samsung
Стайлер dyson hs09 инструкция,стайлер dyson hs09 инструкция
телевизор тсл 55 c8l,телевизор тсл 55 c8l
Infini not 30,infini not 30
yfeiybrb кфяук,yfeiybrb кфяук
Телевизоры samsung маленький,телевизоры samsung маленький
Посудумойка,посудумойка
skk-df для самсунг ,skk df для самсунг
Brayer BR1256,brayer br1256
Душевая система Zodiac X ,душевая система zodiac x
Фен bellissima,фен bellissima
Redmi K Pad,redmi k pad
bp 14979s,bp 14979s
кронштейны для телевизоров pwh26,кронштейны для телевизоров pwh26
Кухоный комбаин ,кухоный комбаин
Samsung A26 8/256,samsung a26 8/256
Керхер3 вд,керхер3 вд
Atlant cma 70 y 1213-01,atlant cma 70 y 1213 01
лейка для душа 22см,лейка для душа 22см
вытяжки кухонные haier hvx,вытяжки кухонные haier hvx
rcl221,rcl221
Капсулы bbk,капсулы bbk
Rgx 5070,rgx 5070
Кабель для телевизора сбер,кабель для телевизора сбер
кулер серый,кулер серый
Пылесос роборот ,пылесос роборот
смартфон samsung galaxy s24 ultra ,смартфон samsung galaxy s24 ultra
Fubag IW900,fubag iw900
велосипед детский женский,велосипед детский женский
для селфи,для селфи
Плита электрическая Gefest 5560,плита электрическая gefest 5560
Haier 50 Smart TV S2 PRO,haier 50 smart tv s2 pro
Кпт 8,кпт 8
автосигнализация starline a63,автосигнализация starline a63
блинница мечта,блинница мечта
Сушильная машина элекролбкс ew7dx385ap,сушильная машина элекролбкс ew7dx385ap
Смартфон huawei nova 14 pro,смартфон huawei nova 14 pro
модем huawei,модем huawei
термопот rsdmond,термопот rsdmond
Быстрая зарядка оригинал на 45v для самсунгs25fe,быстрая зарядка оригинал на 45v для самсунгs25fe
Портативная беспроводная колонка Xiaomi Sound Outdoor 30W ,портативная беспроводная колонка xiaomi sound outdoor 30w
Rb5p410safe,rb5p410safe
Эйпел 17,эйпел 17
Samsung BAR Plus MUF-128BE4/APC USB 3.2 Gen1 128GB,samsung bar plus muf 128be4/apc usb 3.2 gen1 128gb
43” Телевизор Tuvio Full HD ,43 телевизор tuvio full hd
apple watch se 3 sport,apple watch se 3 sport
AirPods Max,airpods max
Samsung Galaxy A25,samsung galaxy a25
Redmi buds 6 pro,redmi buds 6 pro
тв яндекс станция с алисой,тв яндекс станция с алисой
4262611,4262611
Электросамокат взрослый с сиденьем мощный Kugoo M2 Plus,электросамокат взрослый с сиденьем мощный kugoo m2 plus
ноутбук hp pavilion,ноутбук hp pavilion
12450H/16/512Gb/DOS/Серый (5301ALWW),12450h/16/512gb/dos/серый 5301alww
электрический чайник mi,электрический чайник mi
BS-444 D,bs 444 d
Холодильник haier C4640CXU1 ,холодильник haier c4640cxu1
клавиратура беспроводная с подцветкой,клавиратура беспроводная с подцветкой
комп ryzen ,комп ryzen
Болгарки ушм 230,болгарки ушм 230
Блок питания для роуетра keeneric,блок питания для роуетра keeneric
Аксессуары для айпада ,аксессуары для айпада
Для телефонов iphone 15,для телефонов iphone 15
варочная панель индукционная samsung 4-х комф,варочная панель индукционная samsung 4 х комф
Аытозолодильники,аытозолодильники
"принтеры А3МФУ лазерное Ricoh M 2701 черно-белая печать, A3, черный [418118]",принтеры а3мфу лазерное ricoh m 2701 черно белая печать a3 черный 418118
светодиодная лента 15,светодиодная лента 15
самсунг галакси таб с11 ультра,самсунг галакси таб с11 ультра
20082836,20082836
EOF3H50BX,eof3h50bx
смартфон xiaomi redmi 256 гб черный,смартфон xiaomi redmi 256 гб черный
смартфоны   самсунг s25,смартфоны самсунг s25
dreamr h12 dual,dreamr h12 dual
11 2024 AGS6-W09 4/128GB,11 2024 ags6 w09 4/128gb
холодильник 95 литров,холодильник 95 литров
MZ690115,mz690115
Ручной отпариватель Tefal Pure Tex DT953,ручной отпариватель tefal pure tex dt953
электрическая бритва самоочистка,электрическая бритва самоочистка
Freebuds 6i Isle Blue,freebuds 6i isle blue
духовка электрическая настольная белая,духовка электрическая настольная белая
Посудомоечная машина встраиваемая Kuppersberg GSM 4572 (Модификация 2026 года),посудомоечная машина встраиваемая kuppersberg gsm 4572 модификация 2026 года
геймпад Volwerine,геймпад volwerine
Maunfeld микроволновка бежевая,maunfeld микроволновка бежевая
MFD45S160Si,mfd45s160si
телевизоры  xiaomi 43,телевизоры xiaomi 43
монитор игровой 2к ,монитор игровой 2к
Indesit its 5200 g,indesit its 5200 g
Сушильные машины хаер HD90-A2979,сушильные машины хаер hd90 a2979
Huawei смарт-часы WATCH T65 ,huawei смарт часы watch t65
Смартфон Samsung Galaxy A56 5G 8/128GB,смартфон samsung galaxy a56 5g 8/128gb
Игры xbox,игры xbox
"Anker Zolo 20k Mah 22,5W",anker zolo 20k mah 22 5w
беспроводная клавиатура и мышь игровая ,беспроводная клавиатура и мышь игровая
"Braun AIO7560 Триммер для бороды и усов, 10 насадок, серый, черный",braun aio7560 триммер для бороды и усов 10 насадок серый черный
Realme 15 t 512,realme 15 t 512
Батареики кодак,батареики кодак
зарядные сетевые устройства Iphone,зарядные сетевые устройства iphone
айку z11,айку z11
Аквафор Pro1 Pro100,аквафор pro1 pro100
 робот пылесос оками,робот пылесос оками
tlc 50,tlc 50
401586367,401586367
автоматические кофемашины delonghi etam 29.660.sb,автоматические кофемашины delonghi etam 29.660.sb
Аварийный набор,аварийный набор
Haier (12000 BTU,haier 12000 btu
холодильники двухкамерные либхеор,холодильники двухкамерные либхеор
ТВ лджи,тв лджи
dreame v20,dreame v20
сушильная машина Bosch WTH 86277PL,сушильная машина bosch wth 86277pl
demak ушм,demak ушм
машинка по уходу за шерстью,машинка по уходу за шерстью
Mini displayport displayport,mini displayport displayport
4144797,4144797
холодильник side by side gorenje nrs917e41x серебристый ,холодильник side by side gorenje nrs917e41x серебристый
Качтрюли ,качтрюли
Macbook air 13 ,macbook air 13
аэрогриль 8литров,аэрогриль 8литров
Налобный аккумуляторный фонарь Ultraflash E150,налобный аккумуляторный фонарь ultraflash e150
стиральная carrera 561,стиральная carrera 561
сменная панель для гриля redmond,сменная панель для гриля redmond
стиральная машинка samsung  белорусская,стиральная машинка samsung белорусская
электрический чайнмк без запаха,электрический чайнмк без запаха
Honor MagicBook X14 Plus 2024 ,honor magicbook x14 plus 2024
Huawei matebook d 16 mclg-x i5-13420h/8/512gb/win space gray (513014cnc),huawei matebook d 16 mclg x i5 13420h/8/512gb/win space gray 513014cnc
Вафельница Breville DuraCeramic VST072X,вафельница breville duraceramic vst072x
чехол для oneplus 15r,чехол для oneplus 15r
самсунг часы 44 мм,самсунг часы 44 мм
аврора сварка,аврора сварка
 FISSMAN CHEF PRO,fissman chef pro
https://www.citilink.ru/product/stiralnaya-mashina-lg-f2v9gc9w-kl-a-front-maks-8-5kg-belyi-2002200,https //www.citilink.ru/product/stiralnaya mashina lg f2v9gc9w kl a front maks 8 5kg belyi 2002200
С 25 ultra,с 25 ultra
Подставка под диски,подставка под диски
матрас 200 180 беспружинный,матрас 200 180 беспружинный
Оперативная память Netac NTBSD4P32SP-16 Basic DDR4-3200 16G C16,оперативная память netac ntbsd4p32sp 16 basic ddr4 3200 16g c16
электромясорубка аксион м43,электромясорубка аксион м43
 Oasis TE-100,oasis te 100
Беспроводные наушники AirPods Pro 3,беспроводные наушники airpods pro 3
Huawei matepad SE 11 стекло ,huawei matepad se 11 стекло
видиорегистратор зеркало,видиорегистратор зеркало
Холодильник Maunfeld MFF200NFS Inverter,холодильник maunfeld mff200nfs inverter
tester пианино,tester пианино
водонагреватели бойлер 30 л,водонагреватели бойлер 30 л
85A400 Pro,85a400 pro
Очиститель воздуха tyvio,очиститель воздуха tyvio
GORENJE GG5A10XFFM,gorenje gg5a10xffm
с клавиатурой для планшета huawei matepad 11 5 2025 txz  w09 8/256,с клавиатурой для планшета huawei matepad 11 5 2025 txz w09 8/256
стиральная lg широка,стиральная lg широка
Кресло компьютерной игровой e404,кресло компьютерной игровой e404
H60q41b571,h60q41b571
Системный длок,системный длок
Электробритва мужская Серия 5 52-A1650s с 9 насадками,электробритва мужская серия 5 52 a1650s с 9 насадками
Hisense 55 u7q pro,hisense 55 u7q pro
Кондиционер инверторный 12,кондиционер инверторный 12
usb usb type c,usb usb type c
картридж для принтера LBP 6000,картридж для принтера lbp 6000
краска серая для авто лада калина,краска серая для авто лада калина
ПЛЕСТЕЙШЕН 5 ПРО,плестейшен 5 про
блок питания на s26 ultra ,блок питания на s26 ultra
Z flip 7,z flip 7
Мясорубка REDMOND RMG-CBM1225,мясорубка redmond rmg cbm1225
фен щетка 2 в 1,фен щетка 2 в 1
sung galaxy a17,sung galaxy a17
наушникиhuawei flipclip,наушникиhuawei flipclip
POCO M6 Pro 12/512,poco m6 pro 12/512
креплений  под телевизор настенная,креплений под телевизор настенная
пневматический домкрат,пневматический домкрат
кофе днлонге,кофе днлонге
Куллер настольный ,куллер настольный
микроволновая печь соло с керамическим внутренним покрытием,микроволновая печь соло с керамическим внутренним покрытием
6036 kuppersberg,6036 kuppersberg
зарядная станция sony для двух dualsense cfi zds1,зарядная станция sony для двух dualsense cfi zds1
телефон смартфон samsung galaxy   0 56,телефон смартфон samsung galaxy 0 56
monsher mmh 1120 noir,monsher mmh 1120 noir
фитнес браслеты спортивные,фитнес браслеты спортивные
Кронштейн под проектор,кронштейн под проектор
чехол от пульта телевизоры LG,чехол от пульта телевизоры lg
Наудбуе,наудбуе
rgb лента 12,rgb лента 12
Revilyne 010 насадки,revilyne 010 насадки
Керамическая портативная плита,керамическая портативная плита
Смартфон Tecno SPARK 40 Pro 256 ,смартфон tecno spark 40 pro 256
Экран оника одио 180,экран оника одио 180
Холодильник двухкамерный Indesit ITR,холодильник двухкамерный indesit itr
sprinter ,sprinter
m477fnw,m477fnw
вентилятор колонный с увлажнителем,вентилятор колонный с увлажнителем
айофн,айофн
Какие товары можно оплатить бонусами,какие товары можно оплатить бонусами
terra master,terra master
Встраиваемая микроволновая печь Midea MI9220,встраиваемая микроволновая печь midea mi9220
гарантия huawei,гарантия huawei
умные колонки яндекс станция стрит с,умные колонки яндекс станция стрит с
Hotpoint hi5d84dw,hotpoint hi5d84dw
Телевизоры  hissense 55,телевизоры hissense 55
Braun Satin Hair 5,braun satin hair 5
Комплект клавиатура мышь Havit KB272CM черный,комплект клавиатура мышь havit kb272cm черный
Смартфон vivo V29e,смартфон vivo v29e
Драм-картридж Pantum DL-420,драм картридж pantum dl 420
Стекло  huawei Y63,стекло huawei y63
 Телевизор LG 55QNED86T6A черный,телевизор lg 55qned86t6a черный
робот окон с распылениемжля окон,робот окон с распылениемжля окон
Samsung Galaxy S24 FE 256 гб,samsung galaxy s24 fe 256 гб
зарядный провод инфиникс,зарядный провод инфиникс
0ral b зубные,0ral b зубные
Beko WSPE6H612A An,beko wspe6h612a an
Машинеа для сридки волос,машинеа для сридки волос
philips hp8332/01,philips hp8332/01
4259158,4259158
беспроводная зпрядка,беспроводная зпрядка
Ноутбук Asus Vivobook S16 S3607VA,ноутбук asus vivobook s16 s3607va
Паровой очиститель karcher sc 2 easyfix 1 512 600 0,паровой очиститель karcher sc 2 easyfix 1 512 600 0
Зарядное устройство на айфон 12,зарядное устройство на айфон 12
стиральные машины наейер,стиральные машины наейер
Чайник электрический TESLER KT-1745 BEIGE,чайник электрический tesler kt 1745 beige
Korting OKB 3260 CSGW MW,korting okb 3260 csgw mw
Western digital my passport,western digital my passport
iphone 17 pro max ветнам,iphone 17 pro max ветнам
точилка для ножей tefal,точилка для ножей tefal
стелла-техник,стелла техник
сетевое зарядное устройство usb type c для айфон 17 pro,сетевое зарядное устройство usb type c для айфон 17 pro
Зарядка на ноутбук хуавей,зарядка на ноутбук хуавей
"Аэрогриль DEMIAND SANDERS MAX DK-2400 с Wi-Fi,",аэрогриль demiand sanders max dk 2400 с wi fi
Айфон 17е,айфон 17е
встраиваемые посудомоечные машина на 6 персон,встраиваемые посудомоечные машина на 6 персон
Смартфон Apple iPhone 16 128GB белый nanoSim/eSim (без RuStore),смартфон apple iphone 16 128gb белый nanosim/esim без rustore
Планшет 8 мм,планшет 8 мм
телевизоры смарт тв ксяоми,телевизоры смарт тв ксяоми
Наушники накладные Beyerdynamic DT 770 PRO ,наушники накладные beyerdynamic dt 770 pro
"Пылесос  Samsung VC18M31A0HP/EV,",пылесос samsung vc18m31a0hp/ev
Наушники axxa,наушники axxa
Блендер погружной 3 в 1 с чашей на 1 литр,блендер погружной 3 в 1 с чашей на 1 литр
панели варочные газовые Gefest,панели варочные газовые gefest
Lenovo ThinkBook 14 G8 IAL / Ultra 7 255H,lenovo thinkbook 14 g8 ial / ultra 7 255h
чехлы на автомобиль,чехлы на автомобиль
планшет хонор x8a lte,планшет хонор x8a lte
очки для игр,очки для игр
нож серцевины,нож серцевины
клавиатура проводная acer okw010,клавиатура проводная acer okw010
dead space remake,dead space remake
Блендер Moulinex LM17GD10,блендер moulinex lm17gd10
huawei  watch fit,huawei watch fit
микроволновка GR-MW1070 ,микроволновка gr mw1070
50178379,50178379
диспенсер с чайным столиком ,диспенсер с чайным столиком
"Восстановленный смартфон Apple iPhone 15 Pro 128GB nanoSim/eSim синий титан, как новый",восстановленный смартфон apple iphone 15 pro 128gb nanosim/esim синий титан как новый
встраиваемая посудомойка 45 см lg,встраиваемая посудомойка 45 см lg
Мини принтер для телефона цветной,мини принтер для телефона цветной
тсл 65 с7л,тсл 65 с7л
Електросамаккт ,електросамаккт
FLOOR ONE i7 Steam ,floor one i7 steam
мониторы 4k,мониторы 4k
посудомойка манфилд отдельностоящая,посудомойка манфилд отдельностоящая
bosch wgg244,bosch wgg244
Polyecs 2200             ,polyecs 2200
Ipad со стилусом,ipad со стилусом
плитка духовка,плитка духовка
 Roborock S8 MaxV Ultra,roborock s8 maxv ultra
ВСТРАИВАЕМАЯ СУШИЛЬНАЯ МАШИНА HAIER HDB4 H7A2TBEX-RU,встраиваемая сушильная машина haier hdb4 h7a2tbex ru
Аолонагреватель аристон,аолонагреватель аристон
Душевая система AM.PM Moxie F079M900 со смесителем 3 режима цвет хром,душевая система am.pm moxie f079m900 со смесителем 3 режима цвет хром
Maunfeld sky,maunfeld sky
kuppersberg ghl031,kuppersberg ghl031
Айфонт12 мини,айфонт12 мини
Самсунг гелакси наушники buds 4,самсунг гелакси наушники buds 4
Электрическая зубная щетка №127,электрическая зубная щетка no127
 плита bosch,плита bosch
Haier hk 502,haier hk 502
индукционная плита weissgauff,индукционная плита weissgauff
чайник маленький,чайник маленький
TP-Link Archer С5,tp link archer с5
Sberbank sdx 32,sberbank sdx 32
"Умные часы Samsung Galaxy Watch8 Classic, 46 мм, Bluetooth/Wi-Fi   4G LTE",умные часы samsung galaxy watch8 classic 46 мм bluetooth/wi fi 4g lte
беспроводнаяклавиатура,беспроводнаяклавиатура
Apple 2m кабель,apple 2m кабель
Компьютерные кресла для спины,компьютерные кресла для спины
kuppersberg hm 639 blac,kuppersberg hm 639 blac
Смартфон Samsung Galaxy S25 FE 8/512 GB,смартфон samsung galaxy s25 fe 8/512 gb
MicroSDHC / MicroSDXC 64 гб,microsdhc / microsdxc 64 гб
смартфон realmi 16 pro+,смартфон realmi 16 pro+
Смесители для туалета с гигиенический душом,смесители для туалета с гигиенический душом
Телевизор 4к 75 дюймов,телевизор 4к 75 дюймов
Холодильник Бирюса 980NF,холодильник бирюса 980nf
ручная видеокамера osmo,ручная видеокамера osmo
apple iPad Air 256 с сим картой,apple ipad air 256 с сим картой
14106,14106
Stelvio Кофемашина,stelvio кофемашина
Микроволновка 20 л,микроволновка 20 л
Атлант х-1602-100,атлант х 1602 100
Внешний аккумулятор красивый,внешний аккумулятор красивый
huawei pura 70 ультра,huawei pura 70 ультра
Холодильник атлант череый ,холодильник атлант череый
холодильники двухкамерные веко в1рцск2в,холодильники двухкамерные веко в1рцск2в
Иксиоми редми ноут 15 про плюс,иксиоми редми ноут 15 про плюс
Игровая приставка Sony PlayStation 5 Slim 1TB,игровая приставка sony playstation 5 slim 1tb
Пульт AN1603,пульт an1603
xiomi redmi note 15,xiomi redmi note 15
ноутбук ARDOR GAMING NEO,ноутбук ardor gaming neo
Kitfort kt1328,kitfort kt1328
степлер скрепки,степлер скрепки
хока,хока
GS541D10,gs541d10
клавиатура HE,клавиатура he
FELFRI FF-CB-14 блендер,felfri ff cb 14 блендер
Стиральная машина  boch,стиральная машина boch
Samsung pad s10 ultra,samsung pad s10 ultra
насадки для щётки oclean,насадки для щетки oclean
газовая плита darina gm 3m41,газовая плита darina gm 3m41
очистители воздуха kitford,очистители воздуха kitford
İphone17pro,i phone17pro
hw70 bp12269s,hw70 bp12269s
Телевизор 65 c алисой яндекс,телевизор 65 c алисой яндекс
felfriz,felfriz
(МП) B/RF Ascoli ASR100BU,мп b/rf ascoli asr100bu
стиральная машинка горение w1nha74sas,стиральная машинка горение w1nha74sas
кровать 180х200 каркас ,кровать 180х200 каркас
КомьпютеоКомьпютер,комьпютеокомьпютер
JBL Partybox On The Go 2,jbl partybox on the go 2
Ami Flight S ,ami flight s
телефон 128 гб оперативки 8,телефон 128 гб оперативки 8
таблетки для посудомоечных машин антижир,таблетки для посудомоечных машин антижир
Холрдилтник индезит,холрдилтник индезит
Hiaomi redmi pad,hiaomi redmi pad
Кондиционео,кондиционео
sd карта памяти 512gb,sd карта памяти 512gb
Поко x8 про ,поко x8 про
"Samsung Смартфон Galaxy A36 8/128 ГБ, белый",samsung смартфон galaxy a36 8/128 гб белый
я ноутбука сумка дл17.3 ЧЕРНАЯ,я ноутбука сумка дл17.3 черная
Планшет Xiaomi REDMI Pad 2 Wi-Fi,планшет xiaomi redmi pad 2 wi fi
redmont,redmont
Тыловые колонки samsung,тыловые колонки samsung
hisense hi601fm,hisense hi601fm
Samsung tab s,samsung tab s
мфу струйный с снпч,мфу струйный с снпч
моющий пылесос dreame h13 pro,моющий пылесос dreame h13 pro
стиральная машинка узкая beko 6 кг,стиральная машинка узкая beko 6 кг
Treidcomputers (i5-13400F),treidcomputers i5 13400f
apple watch 11 42mm ,apple watch 11 42mm
Сумка для мак,сумка для мак
нож для мясорубки кенвуд,нож для мясорубки кенвуд
ноутбуки huawei  14,ноутбуки huawei 14
Сменный фильтр барьер,сменный фильтр барьер
Samsung a 57 256 ,samsung a 57 256
индукционная плита для кухни ,индукционная плита для кухни
"1000 ГБ 2.5"" SATA накопитель Apacer AS350 PANTHER [AP1TBAS350-1] [SATA, чтение - 560 Мбайт/сек, запись - 540 Мбайт/сек, 3D NAND 3 бит TLC, TBW - 600 ТБ]",1000 гб 2.5 sata накопитель apacer as350 panther ap1tbas350 1 sata чтение 560 мбайт/сек запись 540 мбайт/сек 3d nand 3 бит tlc tbw 600 тб
a3063,a3063
Электрические чайники hi,электрические чайники hi
intel core i5-14600kf oem,intel core i5 14600kf oem
Часы настольные Ritmix,часы настольные ritmix
посудомоечные машины встраеваемая  45см toshiba,посудомоечные машины встраеваемая 45см toshiba
жесткий диск внешний 5 тб,жесткий диск внешний 5 тб
Холодильник чёрный стекло,холодильник черный стекло
кастрюля эмалипованная,кастрюля эмалипованная
12 мобильнный  кондиционер,12 мобильнный кондиционер
стиральная машинка мидея 40см,стиральная машинка мидея 40см
тилифон.  самсуг. а. 07,тилифон. самсуг. а. 07
зарядник на iphone 13,зарядник на iphone 13
Сетевой фильтр с предохранителем Pilot Bit S 1 розетка светло-серый,сетевой фильтр с предохранителем pilot bit s 1 розетка светло серый
колонки gbl party Box 320,колонки gbl party box 320
холодильники двухкамерные маленькие беко,холодильники двухкамерные маленькие беко
телевизор олед грундиг,телевизор олед грундиг
Смартфон Realme 15T 12 256,смартфон realme 15t 12 256
8161265 Клавиатура беспроводная Defender Element HB-195,8161265 клавиатура беспроводная defender element hb 195
водонагреватели бойлер 100 газовый,водонагреватели бойлер 100 газовый
Вытяжка встаиваесая 40,вытяжка встаиваесая 40
телефон смартфон раскладушка ,телефон смартфон раскладушка
"Samsung Планшет Galaxy Tab A11 LTE (SM-X135FZAACAU), 8.7"" 4 ГБ/64 ГБ, серый",samsung планшет galaxy tab a11 lte sm x135fzaacau 8.7 4 гб/64 гб серый
чехол для пульта ld,чехол для пульта ld
iphone 17 256gb black,iphone 17 256gb black
массажер для ног брадекс,массажер для ног брадекс
телевизор с подцветкой,телевизор с подцветкой
ИБП Powercom Raptor RPT-800A,ибп powercom raptor rpt 800a
часых самсунг 8 серия,часых самсунг 8 серия
кронштейн hyundai ,кронштейн hyundai
GRANDEX AQUA COMFORT 51F Wh,grandex aqua comfort 51f wh
микроволновка встроенная горения белая,микроволновка встроенная горения белая
400075813,400075813
встраиваемые посудомоечные машины lex,встраиваемые посудомоечные машины lex
мультиварка 3литровая антипригарное покрытие,мультиварка 3литровая антипригарное покрытие
Macbook m3 512,macbook m3 512
планшеты игровые 8 дюймов,планшеты игровые 8 дюймов
Type-C Foris,type c foris
айфон 256,айфон 256
123 батарейки,123 батарейки
пылесос с алисой,пылесос с алисой
кофеварка демианд ,кофеварка демианд
Galaxy Z flip7,galaxy z flip7
стиральная машинка индезит 5085,стиральная машинка индезит 5085
CheckME Smart CMSH23GG,checkme smart cmsh23gg
iphone 16 pro 256 sim,iphone 16 pro 256 sim
Beats studio buds чехол,beats studio buds чехол
Электроная книга,электроная книга
кофеварка рожковая автомат,кофеварка рожковая автомат
Черенок алюминиевый 135001/1014913,черенок алюминиевый 135001/1014913
ноутбук для работы 8 ядерный ,ноутбук для работы 8 ядерный
Кофемолка реймонд,кофемолка реймонд
buds 4,buds 4
Evelux Integral 60 X,evelux integral 60 x
Товары с китая,товары с китая
4281405 ,4281405
Haier H65S9UG,haier h65s9ug
Divinare aurora,divinare aurora
20084125  ,20084125
SEGA,sega
15 про ксаоми,15 про ксаоми
Ноутбук Genesis R17 (JJ00G400,ноутбук genesis r17 jj00g400
автомобильный сабвуфер,автомобильный сабвуфер
Айфон 12 256гб не восстановленный,айфон 12 256гб не восстановленный
смарт часы techno,смарт часы techno
iPad Air 13-inch,ipad air 13 inch
блинная сковородка,блинная сковородка
мышь ARDOR,мышь ardor
антена приставка,антена приставка
Газовая панель хотпоинт,газовая панель хотпоинт
USB Flash 32 ГБ Mirex,usb flash 32 гб mirex
Телевизоры 55 soni,телевизоры 55 soni
blender погружной,blender погружной
umivac,umivac
Xiaomi Redmi Note 15Pro ,xiaomi redmi note 15pro
Телевизоры 55панасоник,телевизоры 55панасоник
кондиционер сплит система напольная,кондиционер сплит система напольная
зарядка для реалми 15т,зарядка для реалми 15т
вафельница со сменными панелями red solushn,вафельница со сменными панелями red solushn
Stronberg v 400 пылесос,stronberg v 400 пылесос
печи свч comfee,печи свч comfee
Электрокамин напольный для декора обогрева,электрокамин напольный для декора обогрева
Кошелек  айфон 13,кошелек айфон 13
цифровой тв приставки для телевизора 20каналов,цифровой тв приставки для телевизора 20каналов
Водонагреватель накопительный EWH 80 SmartInverter Grafit,водонагреватель накопительный ewh 80 smartinverter grafit
Xiaomi  17 ,xiaomi 17
y3 max yl613/16,y3 max yl613/16
Духовой шкаф Indesit 4644,духовой шкаф indesit 4644
телевизор 55 hisense 55e7q,телевизор 55 hisense 55e7q
gartz панель,gartz панель
поко ы6 про,поко ы6 про
сковороды rondell 28 trititan,сковороды rondell 28 trititan
"Hartens Телевизор 65"" 4K Android",hartens телевизор 65 4k android
50172824,50172824
STINOL STS 167,stinol sts 167
спит-система rapid rami ,спит система rapid rami
кондиционер инвекторный сплит система,кондиционер инвекторный сплит система
400138534,400138534
микроволновая печь solo,микроволновая печь solo
huawei алдптер,huawei алдптер
кронштейн 400х400,кронштейн 400х400
Урал н-130,урал н 130
восстановленный смартфон Tecno spark ,восстановленный смартфон tecno spark
 AM/BM USB 2.0.,am/bm usb 2.0.
набор ножей tefal ever sharp,набор ножей tefal ever sharp
мясорубка овощерезка Россия,мясорубка овощерезка россия
Мышь беспроводная logitech ,мышь беспроводная logitech
Тостер Tefal Morning TT2M1B10,тостер tefal morning tt2m1b10
X waves keration щипцы,x waves keration щипцы
Ветродуйка аккумулятор ная,ветродуйка аккумулятор ная
Кухонная вытяжка HOMSair DELTA 60 нержавеющая сталь DELTA 60 Inox,кухонная вытяжка homsair delta 60 нержавеющая сталь delta 60 inox
телевизоры hisense 32A4N,телевизоры hisense 32a4n
iPad 16a,ipad 16a
микротоковый массажер для лица,микротоковый массажер для лица
🇷🇺Realme 16 pro 5G  beige,realme 16 pro 5g beige
газовая плита оригинал немецкий,газовая плита оригинал немецкий
tech spark,tech spark
Аэрогриль электрический для дома с двумя чашами КТ-2265,аэрогриль электрический для дома с двумя чашами кт 2265
офисные стулья ,офисные стулья
 xiaomi redmi note 13 pro,xiaomi redmi note 13 pro
панель газовая sabaf,панель газовая sabaf
миксер rombica,миксер rombica
Клаватура,клаватура
Поверхостный насос,поверхостный насос
Духовой шкаф горение 45 см,духовой шкаф горение 45 см
oner bend 5,oner bend 5
Смарт часы с есим ,смарт часы с есим
микрафоны джбл,микрафоны джбл
electrolux eea23200l,electrolux eea23200l
"realme c85 4G 8gb, 250gb зеленый",realme c85 4g 8gb 250gb зеленый
встраиваемые посудомоечные  машины 45см midea,встраиваемые посудомоечные машины 45см midea
ibox roadskan,ibox roadskan
шнур на айфон блок питания,шнур на айфон блок питания
4 айфон,4 айфон
наушник samsung,наушник samsung
Вентелятор xiaomi ,вентелятор xiaomi
G502X,g502x
 Холодильник Стинол STS 150 E,холодильник стинол sts 150 e
морозильная камера CANDY,морозильная камера candy
хонор 600 лайт 256,хонор 600 лайт 256
"Смеситель для кухни AM.PM Func F8F05700 высокий с L-изливом с каналом для питьевой воды, хром",смеситель для кухни am.pm func f8f05700 высокий с l изливом с каналом для питьевой воды хром
смартфоны samsung 512gb,смартфоны samsung 512gb
400021307,400021307
mac ноутбук m4 pro 48,mac ноутбук m4 pro 48
"Варочная панель газовая MAUNFELD EGHE.64.6CB/G черная, встраиваемая, 4 конфорки, газ-контроль, 59 см",варочная панель газовая maunfeld eghe.64.6cb/g черная встраиваемая 4 конфорки газ контроль 59 см
хвост русалки настоящий ,хвост русалки настоящий
Варочная панель электрическая Oasis P-IBS,варочная панель электрическая oasis p ibs
Системный блок Nova Игровой ,системный блок nova игровой
Самсунг а 24,самсунг а 24
смартфоны iphone 16 16,смартфоны iphone 16 16
 pantum p2207,pantum p2207
газовые плиты gefest  ,газовые плиты gefest
электрическая варочная панель midea на 3 ,электрическая варочная панель midea на 3
блендеры с большой чашей,блендеры с большой чашей
аэрогриль 2 Тена с паром,аэрогриль 2 тена с паром
сетевое зарядное устройство baseus 67,сетевое зарядное устройство baseus 67
Умная колонка Яндекс.Станция ,умная колонка яндекс.станция
"Apple Смарт-часы Apple Watch Series 11 GPS M/L, 42mm, Black",apple смарт часы apple watch series 11 gps m/l 42mm black
пресс rondell,пресс rondell
A -TM005 беговая дорожка ,a tm005 беговая дорожка
телефон покой ц 85,телефон покой ц 85
пароварка электрическая lumme lu 1403,пароварка электрическая lumme lu 1403
Варочная поверхность Bosch ,варочная поверхность bosch
Galaxy Buds2,galaxy buds2
чехол на samsung a34 5g,чехол на samsung a34 5g
bosch 534,bosch 534
Накопитель   С разьемомlighting,накопитель с разьемомlighting
Электросамокаты kugoo pro 3,электросамокаты kugoo pro 3
Гриль Ariete,гриль ariete
galaxy s24 fe чехол,galaxy s24 fe чехол
kuppersberg 609,kuppersberg 609
зарядка  для телефога,зарядка для телефога
"смартфон realme c71 6/128 гб зеленый, 6300 мач   45 вт, 50mp f/1.8, 120 гц, armorshell",смартфон realme c71 6/128 гб зеленый 6300 мач 45 вт 50mp f/1.8 120 гц armorshell
сковороды для индукционной плиты 24см,сковороды для индукционной плиты 24см
печь midea,печь midea
Audeze,audeze
гейзер макс №17,гейзер макс no17
Бьютул адаптер в авто,бьютул адаптер в авто
Большие наушники JBL,большие наушники jbl
мяч волейбольный,мяч волейбольный
Mi Router 4A ,mi router 4a
вытяжки кухонные 50см candy телескопическая,вытяжки кухонные 50см candy телескопическая
Xiaomi redo note 15 pro 5g,xiaomi redo note 15 pro 5g
стиральная машинка candy miva c43,стиральная машинка candy miva c43
 ADATA M.2 500Gb LEGEN,adata m.2 500gb legen
электрические панели,электрические панели
Canon 700D,canon 700d
Xiomi watch,xiomi watch
щетка корхер для чистки окон,щетка корхер для чистки окон
ATH-M20XBT,ath m20xbt
приставка sega ,приставка sega
пристяжной ремень,пристяжной ремень
утилизация и доставка,утилизация и доставка
электрокастрюля,электрокастрюля
Пылесосы вертикальные h12,пылесосы вертикальные h12
пылесоса Roborock f25 combo,пылесоса roborock f25 combo
Кофемашина Италия в зеррах и молотый,кофемашина италия в зеррах и молотый
aqajy 17,aqajy 17
Минако,минако
msi bravo ноутбук ,msi bravo ноутбук
xiaomi x10+,xiaomi x10+
дата кабель для apple,дата кабель для apple
газовая плита Гефест 50,газовая плита гефест 50
TCL c6к,tcl c6к
400478255,400478255
p12 arctic,p12 arctic
4212303,4212303
Холодильники двухкамерные LG инвекторный,холодильники двухкамерные lg инвекторный
Атлант 46 25 – 109 nd белый,атлант 46 25 109 nd белый
чернила для принтера ,чернила для принтера
honor х7d ,honor х7d
электрическая духовка большая 4 протвони,электрическая духовка большая 4 протвони
Logitech M187,logitech m187
Anker Soundcore space one,anker soundcore space one
Dreame H11 Max,dreame h11 max
MSI 300hz  ,msi 300hz
Nord 145,nord 145
Мультиварка REDMOND MC101,мультиварка redmond mc101
HW70-ВР12929E,hw70 вр12929e
Айфон 14 516гб,айфон 14 516гб
империя 90,империя 90
видеокарты 3080rtx,видеокарты 3080rtx
насадки oralb,насадки oralb
павербанк на солнечной батарее,павербанк на солнечной батарее
Электрическая плита gefest,электрическая плита gefest
автомобильные зарядные устройства magsave,автомобильные зарядные устройства magsave
Блок для заочдкт пйфон  12,блок для заочдкт пйфон 12
12VHPWR,12vhpwr
AOC 24G4E / 24G4X,aoc 24g4e / 24g4x
обогреватель масляный с пультом,обогреватель масляный с пультом
стиральная машина узкая korting kwm,стиральная машина узкая korting kwm
встраиваемая микроволновая печь 362 560 300,встраиваемая микроволновая печь 362 560 300
Machcreator mixi5,machcreator mixi5
планетарный миксер 15 л,планетарный миксер 15 л
вытяжка AB Hisense CH5IN4GB,вытяжка ab hisense ch5in4gb
Кабель tupe с,кабель tupe с
Тв с Алисой ,тв с алисой
проточные водонагреватели кран,проточные водонагреватели кран
tn-2375,tn 2375
комплекс очистки воздуха,комплекс очистки воздуха
Плита назовая с духовкой,плита назовая с духовкой
msi B360-A PRO,msi b360 a pro
rk 149,rk 149
Провод  пвс ,провод пвс
8035,8035
Саундбар Samsung HW-B750F/RU 5.1 150Вт +250Вт черный,саундбар samsung hw b750f/ru 5.1 150вт +250вт черный
сяоми портативный принтер,сяоми портативный принтер
аэрогриль хаоми,аэрогриль хаоми
Телевизор самсунгUE50U8000FUXRU,телевизор самсунгue50u8000fuxru
монитор 34 msi,монитор 34 msi
xiaomi smart air purifier,xiaomi smart air purifier
Автомобильный аккумулятор ,автомобильный аккумулятор
Стол угловой,стол угловой
400429905,400429905
candy сплит система,candy сплит система
Затишные стёкла corning,затишные стекла corning
эпл наушники ,эпл наушники
H27,h27
гель для мтирки haier,гель для мтирки haier
плита газовая встраиваемая на 45,плита газовая встраиваемая на 45
Dreame X60 Ultra Complete ,dreame x60 ultra complete
Телевизор haier 32 smart tv s2 pro hqled,телевизор haier 32 smart tv s2 pro hqled
смартфон реами 14 про,смартфон реами 14 про
A23,a23
dji osmo mobile 6,dji osmo mobile 6
пылесос galaxy line,пылесос galaxy line
400266145,400266145
пс 5 асасин ,пс 5 асасин
штатив для фотоаппарат,штатив для фотоаппарат
антенна ,антенна
кондиционер сплит система на 40м2 TCL,кондиционер сплит система на 40м2 tcl
Сотовый телефон филипс,сотовый телефон филипс
Игровые проводные наушники,игровые проводные наушники
Canon фотоапарат,canon фотоапарат
Tk-1200,tk 1200
400401051,400401051
Braun MultiQuick 5 ( MQ 5235/5237),braun multiquick 5 mq 5235/5237
Kambukka,kambukka
Приемник тв,приемник тв
вытяжки встраиваемая 52 см,вытяжки встраиваемая 52 см
BOSCH HBG536EW4,bosch hbg536ew4
Vatten l06,vatten l06
"Набор кухонных аксессуаров Tefal Bienvenue, 5 предметов",набор кухонных аксессуаров tefal bienvenue 5 предметов
CaseGuru CGWatch Classic часы,caseguru cgwatch classic часы
Аосудомоечные машины 60см gorenje,аосудомоечные машины 60см gorenje
Бритва Браун 3 300s,бритва браун 3 300s
xiaomi note 14 5g,xiaomi note 14 5g
Phillips 3530,phillips 3530
oes657,oes657
400534506,400534506
техно рова 7 про,техно рова 7 про
Приёмник лазерного уровня,приемник лазерного уровня
Tcl телевизор 55p7k qled smart tv google tv 55 4k hdr черный,tcl телевизор 55p7k qled smart tv google tv 55 4k hdr черный
Пуф Stool Group Loreen,пуф stool group loreen
Установка газовой плиты,установка газовой плиты
tefal aquaspeed,tefal aquaspeed
роборок средство,роборок средство
3д принтер qidi q2,3д принтер qidi q2
плойка для локонов бибилипс,плойка для локонов бибилипс
Посудомоечная встроенная машина горение,посудомоечная встроенная машина горение
стиральная машинка 8 кг загрузки,стиральная машинка 8 кг загрузки
 Пйник смег,пйник смег
айфоны в титановом корпусе,айфоны в титановом корпусе
samsung galaxy watch ultra 2025 ,samsung galaxy watch ultra 2025
Mwf08b,mwf08b
Carrera №201,carrera no201
Kuggo ec 03,kuggo ec 03
HP LaserJet Pro M1132 MFP,hp laserjet pro m1132 mfp
Braun парогенератор is,braun парогенератор is
кабель на 6А,кабель на 6а
принтер лазерный со сканом,принтер лазерный со сканом
холодильник индезит ITS 5181I XB,холодильник индезит its 5181i xb
полка для сушильная машины,полка для сушильная машины
haier hwd80 bp14979,haier hwd80 bp14979
tenium кнопочный,tenium кнопочный
электро шашлычница,электро шашлычница
штатив и селфи ,штатив и селфи
 400247117,400247117
сминтезатор ,сминтезатор
philips gc9682,philips gc9682
тв приставки т2 для телевизора,тв приставки т2 для телевизора
Pстиралка asko,pстиралка asko
macreator r7,macreator r7
samsung  buds 4 pro,samsung buds 4 pro
Часа Huawei мужские,часа huawei мужские
Кастрюля hi,кастрюля hi
ПАРОВАЯ СИСТЕМА КАПСУЛА  TEFAL,паровая система капсула tefal
Светофильтр 49 mm,светофильтр 49 mm
dell u3425we,dell u3425we
401797042,401797042
"4К Qled SMART tv 55"" Телевизор harper",4к qled smart tv 55 телевизор harper
400235399,400235399
"Ноутбук Huawei MateBook D 16 MCLG-X, 16"", IPS, Intel Core i5 13420H 2.1ГГц, 8-ядерный, 16ГБ LPDDR4x[53014qkw]",ноутбук huawei matebook d 16 mclg x 16 ips intel core i5 13420h 2.1ггц 8 ядерный 16гб lpddr4x 53014qkw
Beko B3DFR57H22A ,beko b3dfr57h22a
парогенератор carrera,парогенератор carrera
Керхер с водой пылесос,керхер с водой пылесос
Очиститель воздуха Allergolux W380,очиститель воздуха allergolux w380
сушилка дегидратор и овощей и мяса,сушилка дегидратор и овощей и мяса
Msi vector gp77,msi vector gp77
Диски для ps5 юфс 5,диски для ps5 юфс 5
Weissgauff BDW 4533 D посудомоечная машина,weissgauff bdw 4533 d посудомоечная машина
Часы samsung мужские,часы samsung мужские
GTA 5 ps5,gta 5 ps5
Ноутбук Redmi Book 16 2025 ,ноутбук redmi book 16 2025
Akko AKKO 5087 V3-HE,akko akko 5087 v3 he
Тефаль парогенератор 9 бар,тефаль парогенератор 9 бар
ipad pro m5 Wi-Fi + Cellular,ipad pro m5 wi fi + cellular
Untold Tales,untold tales
Thunderobot gravity 16,thunderobot gravity 16
AMD Ryzen 5 7600X,amd ryzen 5 7600x
Кондей 9 ,кондей 9
Сзу Samsung tupe-c 25w,сзу samsung tupe c 25w
 400634232,400634232
CANDY CI 4E7L0W-08,candy ci 4e7l0w 08
холодильник nordNRB161NE S,холодильник nordnrb161ne s
Cg101,cg101
Тостер Redmond T906 750,тостер redmond t906 750
Ноутбуки 17,ноутбуки 17
Haier HW70-BP12269 ,haier hw70 bp12269
капсульное кофе dolce gusto,капсульное кофе dolce gusto
Ноутбук MSI Crosshair 16 HX D14VFKG-850CN ,ноутбук msi crosshair 16 hx d14vfkg 850cn
Kitfort плита индукционная,kitfort плита индукционная
блендер зигмент,блендер зигмент
кабель для  айфона,кабель для айфона
расческа выпрямитель с паром,расческа выпрямитель с паром
Leifheit Profi XL,leifheit profi xl
Смартфон samsung galaxy a56g 8 256gb,смартфон samsung galaxy a56g 8 256gb
Мобильного кондиционера,мобильного кондиционера
Телевизор Hisense 65E8S ,телевизор hisense 65e8s
для прикуривания,для прикуривания
кондиционер сплит система 54 кв,кондиционер сплит система 54 кв
Игра Alone in the Dark (PS5),игра alone in the dark ps5
ATLANT ХМ 4611-101,atlant хм 4611 101
горшочек,горшочек
Морозильная камера ларь 200л,морозильная камера ларь 200л
Солнечная панель FinePower,солнечная панель finepower
Кухонная машина Kenwood  KMX760BC,кухонная машина kenwood kmx760bc
nrg turbo,nrg turbo
Смартфон realme GT 7 12/256GB Black (RMX5061),смартфон realme gt 7 12/256gb black rmx5061
ТЕМОС,темос
uncom ,uncom
пылесосы на трубной,пылесосы на трубной
ст-2567 пылесос,ст 2567 пылесос
MAUNFELD MFSMO.20.7 SGB,maunfeld mfsmo.20.7 sgb
ноутбук asus с операционной системой,ноутбук asus с операционной системой
роликовая пилка для ног электрическая,роликовая пилка для ног электрическая
блок питания для тонометра ,блок питания для тонометра
Фитнес-браслет Xiaomi Smart Band 10 Ceramic Edition Pearl белый,фитнес браслет xiaomi smart band 10 ceramic edition pearl белый
arwen,arwen
"Робот-пылесос ""Xiaomi Robot Vacuum X20 "" EU, для сухой и влажной уборки",робот пылесос xiaomi robot vacuum x20 eu для сухой и влажной уборки
4006 7904 7,4006 7904 7
ipad air lte,ipad air lte
Телевизор general 65,телевизор general 65
монитор samsung odyssey 34,монитор samsung odyssey 34
Рукав для глажки,рукав для глажки
Сушильная миашина samsung,сушильная миашина samsung
Фен-щетка Philips 3000 Series BHA310/00,фен щетка philips 3000 series bha310/00
Aeg lavamat,aeg lavamat
чехол на iphone 17 прозрачный,чехол на iphone 17 прозрачный
Глубокий противень для духовки глубокий,глубокий противень для духовки глубокий
ithtgjd`hn,ithtgjd hn
400293389,400293389
блендер 1л,блендер 1л
холодильники с нижней морозильной камерой indesit 3160,холодильники с нижней морозильной камерой indesit 3160
Samsung Jet 75B Pro ,samsung jet 75b pro
4012 0436 0,4012 0436 0
EGS-1502,egs 1502
Видеорегистратор Neoline,видеорегистратор neoline
посудомоечные машины Leran,посудомоечные машины leran
Fifine f5 изменитель голоса,fifine f5 изменитель голоса
планшет ulefone tab a 11 а 11,планшет ulefone tab a 11 а 11
Неттоп IRU 110JLCN Cel N4500 (1.1) 8Gb SSD256Gb UHDG без ОС GbitEth WiFi BT черный (2152166),неттоп iru 110jlcn cel n4500 1.1 8gb ssd256gb uhdg без ос gbiteth wifi bt черный 2152166
сушильная машина hense,сушильная машина hense
Смартфон Tecno CAMON 50 Ultra,смартфон tecno camon 50 ultra
Пылесос в наличии в магазине,пылесос в наличии в магазине
панель индукционная 3 конфорки,панель индукционная 3 конфорки
холодильник с нижней морозильной камерой Саратов атлант,холодильник с нижней морозильной камерой саратов атлант
S25  SM-S936B,s25 sm s936b
Xiaomi mi band 9 pro,xiaomi mi band 9 pro
сетевой фильтр горнизон,сетевой фильтр горнизон
Хуавей 600 телефон,хуавей 600 телефон
футура хоум пылесос,футура хоум пылесос
Переходник с hdmi на rca,переходник с hdmi на rca
Сумка для инструментов - поясная (пояс строительный),сумка для инструментов поясная пояс строительный
измельчитель зубр,измельчитель зубр
Haier HSU-12HRM203/R3(DB) ,haier hsu 12hrm203/r3 db
Tefal Double layer,tefal double layer
Сэндвич-тостер Gorenje SM701SB,сэндвич тостер gorenje sm701sb
Ноутбук l16,ноутбук l16
redmond fm 615,redmond fm 615
Hp 255R g10,hp 255r g10
Мико,мико
Холодильник хайр 637,холодильник хайр 637
infinix note30,infinix note30
amazfit bip max,amazfit bip max
Вентилятор колонный Maunfeld MTF-1001BR,вентилятор колонный maunfeld mtf 1001br
realmi C71 смартфон ,realmi c71 смартфон
"Новая Кофемашина DeLonghi La Specialista Maestro EC9885.M, серебристый",новая кофемашина delonghi la specialista maestro ec9885.m серебристый
Пылесос Samsung VC18M21D0VG/EV,пылесос samsung vc18m21d0vg/ev
Tefal X-Force Flex,tefal x force flex
Ultra тонкие ноутбуки,ultra тонкие ноутбуки
Xiaomi pad 7 256,xiaomi pad 7 256
вакуумный отпариватель,вакуумный отпариватель
Samsung Galaxy  tab a11+,samsung galaxy tab a11+
601 ,601
встраиваемая посвломоечная машина 60,встраиваемая посвломоечная машина 60
речь индукцтонная,речь индукцтонная
водонагреватель 100л в наличии,водонагреватель 100л в наличии
Z40 Tangle Cut Flex+,z40 tangle cut flex+
KingSpec M.2 NVMe SSD,kingspec m.2 nvme ssd
SMART Проектор Lenovo Xiaoxin 100,smart проектор lenovo xiaoxin 100
вентилятор для пк,вентилятор для пк
Hisence 50,hisence 50
400537505,400537505
ituens,ituens
Kyvol,kyvol
самсунг А36 барнау,самсунг а36 барнау
автомобильный твитер,автомобильный твитер
аэрогриль на 10 литров тефальотзывы,аэрогриль на 10 литров тефальотзывы
Мультигриль ,мультигриль
XIAOMI AX3000,xiaomi ax3000
400361474,400361474
Водонагреватель 35,водонагреватель 35
игры на пс 5 гран туризма,игры на пс 5 гран туризма
овощечистка Rendel,овощечистка rendel
Garlyn L140,garlyn l140
Форма для запекания для аэрогриля,форма для запекания для аэрогриля
Смартфоны TECNHO,смартфоны tecnho
Смартфоны huawei nova 14,смартфоны huawei nova 14
Хайсенс40,хайсенс40
cnbhfkmyj ceibkmyfz vfibyf LG f2v5HGOW ,cnbhfkmyj ceibkmyfz vfibyf lg f2v5hgow
"Huawei, MatePad 11,5 2025 PaperMatte",huawei matepad 11 5 2025 papermatte
Телефоны.инфиникс,телефоны.инфиникс
Сплит-система Hitachi RAK-18REF/RAC-18WEF X-Comfort inverter,сплит система hitachi rak 18ref/rac 18wef x comfort inverter
Sаmsun g Вuds 2 наушники,sаmsun g вuds 2 наушники
koogo m4 самокат,koogo m4 самокат
Poco X5 5G,poco x5 5g
"холодильники с нижней морозильной камерой ,, ,л дж",холодильники с нижней морозильной камерой л дж
Êîôåìàø. Saeco SM6480/00,êîôåìàø. saeco sm6480/00
400503291  ,400503291
Маленький Холодильник,маленький холодильник
HONOR Pad X8a Keyboard,honor pad x8a keyboard
электросамокаты kugoo S3,электросамокаты kugoo s3
Qn 70 ,qn 70
Холодильник двухкамерный двухкамерный,холодильник двухкамерный двухкамерный
Защитное стекло на watch,защитное стекло на watch
